,Environment,Algorithm,Goal,Seed,AUC
0,transfer,DQN-ReLU-transfer-101,101,0,9.23
1,transfer,DQN-ReLU-transfer-101,101,3,8.4
2,transfer,DQN-ReLU-transfer-101,101,1,8.17
3,transfer,DQN-ReLU-transfer-101,101,4,8.41
4,transfer,DQN-ReLU-transfer-101,101,2,5.08
5,transfer,DQN-ReLU-transfer-160,160,4,6.53
6,transfer,DQN-ReLU-transfer-160,160,1,6.61
7,transfer,DQN-ReLU-transfer-160,160,3,9.370000000000001
8,transfer,DQN-ReLU-transfer-160,160,0,8.24
9,transfer,DQN-ReLU-transfer-160,160,2,6.79
10,transfer,DQN-ReLU-vf5-transfer-65,65,3,9.030000000000001
11,transfer,DQN-ReLU-vf5-transfer-65,65,0,9.98
12,transfer,DQN-ReLU-vf5-transfer-65,65,1,9.83
13,transfer,DQN-ReLU-vf5-transfer-65,65,2,9.719999999999999
14,transfer,DQN-ReLU-vf5-transfer-65,65,4,9.96
15,transfer,DQN-ReLU-transfer-141,141,2,8.690000000000001
16,transfer,DQN-ReLU-transfer-141,141,4,8.82
17,transfer,DQN-ReLU-transfer-141,141,0,9.55
18,transfer,DQN-ReLU-transfer-141,141,3,9.33
19,transfer,DQN-ReLU-transfer-141,141,1,8.31
20,transfer,DQN-ReLU-vf5-transfer-133,133,2,9.08
21,transfer,DQN-ReLU-vf5-transfer-133,133,0,9.84
22,transfer,DQN-ReLU-vf5-transfer-133,133,4,9.89
23,transfer,DQN-ReLU-vf5-transfer-133,133,3,9.780000000000001
24,transfer,DQN-ReLU-vf5-transfer-133,133,1,9.41
25,transfer,DQN-ReLU-vf5-transfer-25,25,2,10.0
26,transfer,DQN-ReLU-vf5-transfer-25,25,3,10.0
27,transfer,DQN-ReLU-vf5-transfer-25,25,0,9.99
28,transfer,DQN-ReLU-vf5-transfer-25,25,4,10.0
29,transfer,DQN-ReLU-vf5-transfer-25,25,1,10.0
30,transfer,DQN-ReLU-vf5-transfer-153,153,4,9.51
31,transfer,DQN-ReLU-vf5-transfer-153,153,0,9.54
32,transfer,DQN-ReLU-vf5-transfer-153,153,3,8.31
33,transfer,DQN-ReLU-vf5-transfer-153,153,2,9.57
34,transfer,DQN-ReLU-vf5-transfer-153,153,1,9.08
35,transfer,DQN-ReLU-vf5-transfer-168,168,4,9.18
36,transfer,DQN-ReLU-vf5-transfer-168,168,3,9.27
37,transfer,DQN-ReLU-vf5-transfer-168,168,0,10.0
38,transfer,DQN-ReLU-vf5-transfer-168,168,1,8.73
39,transfer,DQN-ReLU-vf5-transfer-168,168,2,9.15
40,transfer,DQN-ReLU-vf5-transfer-145,145,2,9.17
41,transfer,DQN-ReLU-vf5-transfer-145,145,0,9.07
42,transfer,DQN-ReLU-vf5-transfer-145,145,3,10.0
43,transfer,DQN-ReLU-vf5-transfer-145,145,4,9.94
44,transfer,DQN-ReLU-vf5-transfer-145,145,1,10.0
45,transfer,DQN-ReLU-vf5-transfer-124,124,4,9.75
46,transfer,DQN-ReLU-vf5-transfer-124,124,1,8.04
47,transfer,DQN-ReLU-vf5-transfer-124,124,2,9.370000000000001
48,transfer,DQN-ReLU-vf5-transfer-124,124,0,9.77
49,transfer,DQN-ReLU-vf5-transfer-124,124,3,9.94
50,transfer,DQN-ReLU-transfer-21,21,3,9.99
51,transfer,DQN-ReLU-transfer-21,21,2,10.0
52,transfer,DQN-ReLU-transfer-21,21,1,10.0
53,transfer,DQN-ReLU-transfer-21,21,4,9.98
54,transfer,DQN-ReLU-transfer-21,21,0,9.98
55,transfer,DQN-ReLU-vf5-transfer-86,86,4,9.4
56,transfer,DQN-ReLU-vf5-transfer-86,86,2,8.92
57,transfer,DQN-ReLU-vf5-transfer-86,86,0,9.04
58,transfer,DQN-ReLU-vf5-transfer-86,86,1,9.66
59,transfer,DQN-ReLU-vf5-transfer-86,86,3,9.24
60,transfer,DQN-ReLU-transfer-117,117,2,9.95
61,transfer,DQN-ReLU-transfer-117,117,0,9.129999999999999
62,transfer,DQN-ReLU-transfer-117,117,4,9.879999999999999
63,transfer,DQN-ReLU-transfer-117,117,1,9.219999999999999
64,transfer,DQN-ReLU-transfer-117,117,3,9.66
65,transfer,DQN-ReLU-transfer-16,16,2,9.98
66,transfer,DQN-ReLU-transfer-16,16,4,9.99
67,transfer,DQN-ReLU-transfer-16,16,0,10.0
68,transfer,DQN-ReLU-transfer-16,16,3,9.99
69,transfer,DQN-ReLU-transfer-16,16,1,10.0
70,transfer,DQN-ReLU-transfer-120,120,2,9.18
71,transfer,DQN-ReLU-transfer-120,120,4,9.17
72,transfer,DQN-ReLU-transfer-120,120,0,9.14
73,transfer,DQN-ReLU-transfer-120,120,1,7.96
74,transfer,DQN-ReLU-transfer-120,120,3,9.71
75,transfer,DQN-ReLU-transfer-61,61,0,8.03
76,transfer,DQN-ReLU-transfer-61,61,4,8.44
77,transfer,DQN-ReLU-transfer-61,61,1,8.22
78,transfer,DQN-ReLU-transfer-61,61,2,5.08
79,transfer,DQN-ReLU-transfer-61,61,3,8.39
80,transfer,DQN-ReLU-vf5-transfer-105,105,4,8.92
81,transfer,DQN-ReLU-vf5-transfer-105,105,1,9.530000000000001
82,transfer,DQN-ReLU-vf5-transfer-105,105,3,9.64
83,transfer,DQN-ReLU-vf5-transfer-105,105,2,7.61
84,transfer,DQN-ReLU-vf5-transfer-105,105,0,9.1
85,transfer,DQN-ReLU-vf5-transfer-149,149,4,9.98
86,transfer,DQN-ReLU-vf5-transfer-149,149,0,9.19
87,transfer,DQN-ReLU-vf5-transfer-149,149,1,9.95
88,transfer,DQN-ReLU-vf5-transfer-149,149,3,10.0
89,transfer,DQN-ReLU-vf5-transfer-149,149,2,9.09
90,transfer,DQN-ReLU-transfer-95,95,3,8.24
91,transfer,DQN-ReLU-transfer-95,95,1,8.02
92,transfer,DQN-ReLU-transfer-95,95,4,4.97
93,transfer,DQN-ReLU-transfer-95,95,2,2.01
94,transfer,DQN-ReLU-transfer-95,95,0,9.24
95,transfer,DQN-ReLU-vf5-transfer-2,2,1,9.99
96,transfer,DQN-ReLU-vf5-transfer-2,2,4,9.629999999999999
97,transfer,DQN-ReLU-vf5-transfer-2,2,0,10.0
98,transfer,DQN-ReLU-vf5-transfer-2,2,3,9.870000000000001
99,transfer,DQN-ReLU-vf5-transfer-2,2,2,9.969999999999999
100,transfer,DQN-ReLU-vf5-transfer-48,48,4,10.0
101,transfer,DQN-ReLU-vf5-transfer-48,48,1,10.0
102,transfer,DQN-ReLU-vf5-transfer-48,48,0,9.95
103,transfer,DQN-ReLU-vf5-transfer-48,48,3,10.0
104,transfer,DQN-ReLU-vf5-transfer-48,48,2,10.0
105,transfer,DQN-ReLU-vf5-transfer-12,12,3,9.93
106,transfer,DQN-ReLU-vf5-transfer-12,12,1,10.0
107,transfer,DQN-ReLU-vf5-transfer-12,12,0,10.0
108,transfer,DQN-ReLU-vf5-transfer-12,12,4,10.0
109,transfer,DQN-ReLU-vf5-transfer-12,12,2,10.0
110,transfer,DQN-ReLU-vf5-transfer-164,164,0,9.99
111,transfer,DQN-ReLU-vf5-transfer-164,164,1,9.030000000000001
112,transfer,DQN-ReLU-vf5-transfer-164,164,2,9.16
113,transfer,DQN-ReLU-vf5-transfer-164,164,4,9.71
114,transfer,DQN-ReLU-vf5-transfer-164,164,3,9.74
115,transfer,DQN-ReLU-vf5-transfer-109,109,4,9.91
116,transfer,DQN-ReLU-vf5-transfer-109,109,1,10.0
117,transfer,DQN-ReLU-vf5-transfer-109,109,2,9.46
118,transfer,DQN-ReLU-vf5-transfer-109,109,0,9.15
119,transfer,DQN-ReLU-vf5-transfer-109,109,3,9.879999999999999
120,transfer,DQN-ReLU-transfer-99,99,4,3.86
121,transfer,DQN-ReLU-transfer-99,99,0,8.55
122,transfer,DQN-ReLU-transfer-99,99,2,4.21
123,transfer,DQN-ReLU-transfer-99,99,1,8.75
124,transfer,DQN-ReLU-transfer-99,99,3,8.01
125,transfer,DQN-ReLU-transfer-137,137,3,2.63
126,transfer,DQN-ReLU-transfer-137,137,4,0.9800000000000001
127,transfer,DQN-ReLU-transfer-137,137,1,4.63
128,transfer,DQN-ReLU-transfer-137,137,0,7.82
129,transfer,DQN-ReLU-transfer-137,137,2,7.26
130,transfer,DQN-ReLU-transfer-94,94,0,9.32
131,transfer,DQN-ReLU-transfer-94,94,4,8.57
132,transfer,DQN-ReLU-transfer-94,94,1,8.27
133,transfer,DQN-ReLU-transfer-94,94,3,9.2
134,transfer,DQN-ReLU-transfer-94,94,2,6.6
135,transfer,DQN-ReLU-vf5-transfer-112,112,4,9.38
136,transfer,DQN-ReLU-vf5-transfer-112,112,2,7.6
137,transfer,DQN-ReLU-vf5-transfer-112,112,0,9.99
138,transfer,DQN-ReLU-vf5-transfer-112,112,1,8.21
139,transfer,DQN-ReLU-vf5-transfer-112,112,3,9.92
140,transfer,DQN-ReLU-transfer-40,40,2,9.99
141,transfer,DQN-ReLU-transfer-40,40,4,9.99
142,transfer,DQN-ReLU-transfer-40,40,1,9.95
143,transfer,DQN-ReLU-transfer-40,40,3,10.0
144,transfer,DQN-ReLU-transfer-40,40,0,9.78
145,transfer,DQN-ReLU-transfer-98,98,2,0.97
146,transfer,DQN-ReLU-transfer-98,98,3,5.2
147,transfer,DQN-ReLU-transfer-98,98,4,1.8599999999999999
148,transfer,DQN-ReLU-transfer-98,98,0,9.3
149,transfer,DQN-ReLU-transfer-98,98,1,7.02
150,transfer,DQN-ReLU-transfer-0,0,2,9.959999999999999
151,transfer,DQN-ReLU-transfer-0,0,0,10.0
152,transfer,DQN-ReLU-transfer-0,0,4,10.0
153,transfer,DQN-ReLU-transfer-0,0,3,10.0
154,transfer,DQN-ReLU-transfer-0,0,1,9.99
155,transfer,DQN-ReLU-transfer-41,41,1,9.75
156,transfer,DQN-ReLU-transfer-41,41,4,9.99
157,transfer,DQN-ReLU-transfer-41,41,0,10.0
158,transfer,DQN-ReLU-transfer-41,41,3,9.96
159,transfer,DQN-ReLU-transfer-41,41,2,9.83
160,transfer,DQN-ReLU-vf5-transfer-72,72,4,10.0
161,transfer,DQN-ReLU-vf5-transfer-72,72,0,10.0
162,transfer,DQN-ReLU-vf5-transfer-72,72,1,10.0
163,transfer,DQN-ReLU-vf5-transfer-72,72,3,10.0
164,transfer,DQN-ReLU-vf5-transfer-72,72,2,10.0
165,transfer,DQN-ReLU-vf5-transfer-113,113,3,9.030000000000001
166,transfer,DQN-ReLU-vf5-transfer-113,113,4,10.0
167,transfer,DQN-ReLU-vf5-transfer-113,113,2,9.0
168,transfer,DQN-ReLU-vf5-transfer-113,113,1,9.11
169,transfer,DQN-ReLU-vf5-transfer-113,113,0,9.54
170,transfer,DQN-ReLU-transfer-1,1,4,10.0
171,transfer,DQN-ReLU-transfer-1,1,2,9.99
172,transfer,DQN-ReLU-transfer-1,1,0,10.0
173,transfer,DQN-ReLU-transfer-1,1,1,9.8
174,transfer,DQN-ReLU-transfer-1,1,3,10.0
175,transfer,DQN-ReLU-vf5-transfer-91,91,4,9.07
176,transfer,DQN-ReLU-vf5-transfer-91,91,2,9.98
177,transfer,DQN-ReLU-vf5-transfer-91,91,0,10.0
178,transfer,DQN-ReLU-vf5-transfer-91,91,1,10.0
179,transfer,DQN-ReLU-vf5-transfer-91,91,3,10.0
180,transfer,DQN-ReLU-vf5-transfer-128,128,2,9.39
181,transfer,DQN-ReLU-vf5-transfer-128,128,1,9.93
182,transfer,DQN-ReLU-vf5-transfer-128,128,3,9.99
183,transfer,DQN-ReLU-vf5-transfer-128,128,4,9.99
184,transfer,DQN-ReLU-vf5-transfer-128,128,0,10.0
185,transfer,DQN-ReLU-vf5-transfer-73,73,0,9.29
186,transfer,DQN-ReLU-vf5-transfer-73,73,1,10.0
187,transfer,DQN-ReLU-vf5-transfer-73,73,4,10.0
188,transfer,DQN-ReLU-vf5-transfer-73,73,2,9.16
189,transfer,DQN-ReLU-vf5-transfer-73,73,3,10.0
190,transfer,DQN-ReLU-transfer-136,136,1,5.720000000000001
191,transfer,DQN-ReLU-transfer-136,136,0,7.3
192,transfer,DQN-ReLU-transfer-136,136,4,5.53
193,transfer,DQN-ReLU-transfer-136,136,2,5.84
194,transfer,DQN-ReLU-transfer-136,136,3,7.31
195,transfer,DQN-ReLU-vf5-transfer-3,3,2,9.99
196,transfer,DQN-ReLU-vf5-transfer-3,3,1,10.0
197,transfer,DQN-ReLU-vf5-transfer-3,3,0,10.0
198,transfer,DQN-ReLU-vf5-transfer-3,3,4,10.0
199,transfer,DQN-ReLU-vf5-transfer-3,3,3,9.129999999999999
200,transfer,DQN-ReLU-vf5-transfer-90,90,1,8.72
201,transfer,DQN-ReLU-vf5-transfer-90,90,4,9.379999999999999
202,transfer,DQN-ReLU-vf5-transfer-90,90,2,9.0
203,transfer,DQN-ReLU-vf5-transfer-90,90,0,9.620000000000001
204,transfer,DQN-ReLU-vf5-transfer-90,90,3,9.94
205,transfer,DQN-ReLU-transfer-76,76,1,9.530000000000001
206,transfer,DQN-ReLU-transfer-76,76,2,8.71
207,transfer,DQN-ReLU-transfer-76,76,4,9.11
208,transfer,DQN-ReLU-transfer-76,76,0,9.95
209,transfer,DQN-ReLU-transfer-76,76,3,9.04
210,transfer,DQN-ReLU-transfer-121,121,1,8.35
211,transfer,DQN-ReLU-transfer-121,121,0,9.17
212,transfer,DQN-ReLU-transfer-121,121,4,9.06
213,transfer,DQN-ReLU-transfer-121,121,2,9.64
214,transfer,DQN-ReLU-transfer-121,121,3,9.68
215,transfer,DQN-ReLU-transfer-156,156,3,5.32
216,transfer,DQN-ReLU-transfer-156,156,0,6.74
217,transfer,DQN-ReLU-transfer-156,156,1,3.01
218,transfer,DQN-ReLU-transfer-156,156,4,2.09
219,transfer,DQN-ReLU-transfer-156,156,2,1.7400000000000002
220,transfer,DQN-ReLU-transfer-77,77,2,3.13
221,transfer,DQN-ReLU-transfer-77,77,0,8.780000000000001
222,transfer,DQN-ReLU-transfer-77,77,3,8.99
223,transfer,DQN-ReLU-transfer-77,77,4,8.01
224,transfer,DQN-ReLU-transfer-77,77,1,8.42
225,transfer,DQN-ReLU-vf5-transfer-44,44,4,10.0
226,transfer,DQN-ReLU-vf5-transfer-44,44,3,9.969999999999999
227,transfer,DQN-ReLU-vf5-transfer-44,44,0,9.06
228,transfer,DQN-ReLU-vf5-transfer-44,44,2,9.96
229,transfer,DQN-ReLU-vf5-transfer-44,44,1,10.0
230,transfer,DQN-ReLU-transfer-161,161,0,8.9
231,transfer,DQN-ReLU-transfer-161,161,2,8.01
232,transfer,DQN-ReLU-transfer-161,161,1,9.09
233,transfer,DQN-ReLU-transfer-161,161,4,8.57
234,transfer,DQN-ReLU-transfer-161,161,3,8.82
235,transfer,DQN-ReLU-vf5-transfer-129,129,4,9.41
236,transfer,DQN-ReLU-vf5-transfer-129,129,3,9.41
237,transfer,DQN-ReLU-vf5-transfer-129,129,0,10.0
238,transfer,DQN-ReLU-vf5-transfer-129,129,1,9.27
239,transfer,DQN-ReLU-vf5-transfer-129,129,2,9.99
240,transfer,DQN-ReLU-transfer-157,157,0,9.43
241,transfer,DQN-ReLU-transfer-157,157,1,9.86
242,transfer,DQN-ReLU-transfer-157,157,2,9.83
243,transfer,DQN-ReLU-transfer-157,157,4,8.7
244,transfer,DQN-ReLU-transfer-157,157,3,9.18
245,transfer,DQN-ReLU-vf5-transfer-165,165,2,10.0
246,transfer,DQN-ReLU-vf5-transfer-165,165,1,10.0
247,transfer,DQN-ReLU-vf5-transfer-165,165,4,9.99
248,transfer,DQN-ReLU-vf5-transfer-165,165,3,9.75
249,transfer,DQN-ReLU-vf5-transfer-165,165,0,9.96
250,transfer,DQN-ReLU-transfer-83,83,2,3.57
251,transfer,DQN-ReLU-transfer-83,83,4,2.2600000000000002
252,transfer,DQN-ReLU-transfer-83,83,3,9.24
253,transfer,DQN-ReLU-transfer-83,83,0,8.870000000000001
254,transfer,DQN-ReLU-transfer-83,83,1,8.02
255,transfer,DQN-ReLU-vf5-transfer-64,64,4,9.95
256,transfer,DQN-ReLU-vf5-transfer-64,64,0,10.0
257,transfer,DQN-ReLU-vf5-transfer-64,64,2,8.22
258,transfer,DQN-ReLU-vf5-transfer-64,64,1,9.43
259,transfer,DQN-ReLU-vf5-transfer-64,64,3,9.29
260,transfer,DQN-ReLU-transfer-17,17,2,9.94
261,transfer,DQN-ReLU-transfer-17,17,3,10.0
262,transfer,DQN-ReLU-transfer-17,17,4,9.969999999999999
263,transfer,DQN-ReLU-transfer-17,17,0,10.0
264,transfer,DQN-ReLU-transfer-17,17,1,10.0
265,transfer,DQN-ReLU-vf5-transfer-125,125,0,9.57
266,transfer,DQN-ReLU-vf5-transfer-125,125,1,7.21
267,transfer,DQN-ReLU-vf5-transfer-125,125,4,9.43
268,transfer,DQN-ReLU-vf5-transfer-125,125,2,8.79
269,transfer,DQN-ReLU-vf5-transfer-125,125,3,9.370000000000001
270,transfer,DQN-ReLU-vf5-transfer-45,45,2,9.15
271,transfer,DQN-ReLU-vf5-transfer-45,45,4,9.0
272,transfer,DQN-ReLU-vf5-transfer-45,45,1,10.0
273,transfer,DQN-ReLU-vf5-transfer-45,45,3,9.9
274,transfer,DQN-ReLU-vf5-transfer-45,45,0,9.73
275,transfer,DQN-ReLU-vf5-transfer-24,24,3,9.99
276,transfer,DQN-ReLU-vf5-transfer-24,24,4,9.969999999999999
277,transfer,DQN-ReLU-vf5-transfer-24,24,2,10.0
278,transfer,DQN-ReLU-vf5-transfer-24,24,0,9.6
279,transfer,DQN-ReLU-vf5-transfer-24,24,1,10.0
280,transfer,DQN-ReLU-vf5-transfer-132,132,4,10.0
281,transfer,DQN-ReLU-vf5-transfer-132,132,1,9.99
282,transfer,DQN-ReLU-vf5-transfer-132,132,0,9.07
283,transfer,DQN-ReLU-vf5-transfer-132,132,3,10.0
284,transfer,DQN-ReLU-vf5-transfer-132,132,2,10.0
285,transfer,DQN-ReLU-vf5-transfer-28,28,0,9.219999999999999
286,transfer,DQN-ReLU-vf5-transfer-28,28,3,10.0
287,transfer,DQN-ReLU-vf5-transfer-28,28,4,9.780000000000001
288,transfer,DQN-ReLU-vf5-transfer-28,28,1,9.83
289,transfer,DQN-ReLU-vf5-transfer-28,28,2,10.0
290,transfer,DQN-ReLU-transfer-60,60,2,8.58
291,transfer,DQN-ReLU-transfer-60,60,4,9.280000000000001
292,transfer,DQN-ReLU-transfer-60,60,3,9.2
293,transfer,DQN-ReLU-transfer-60,60,1,9.030000000000001
294,transfer,DQN-ReLU-transfer-60,60,0,8.25
295,transfer,DQN-ReLU-vf5-transfer-68,68,3,10.0
296,transfer,DQN-ReLU-vf5-transfer-68,68,0,9.74
297,transfer,DQN-ReLU-vf5-transfer-68,68,1,9.99
298,transfer,DQN-ReLU-vf5-transfer-68,68,4,8.61
299,transfer,DQN-ReLU-vf5-transfer-68,68,2,9.96
300,transfer,DQN-ReLU-vf5-transfer-13,13,0,10.0
301,transfer,DQN-ReLU-vf5-transfer-13,13,4,10.0
302,transfer,DQN-ReLU-vf5-transfer-13,13,1,10.0
303,transfer,DQN-ReLU-vf5-transfer-13,13,2,9.969999999999999
304,transfer,DQN-ReLU-vf5-transfer-13,13,3,9.93
305,transfer,DQN-ReLU-transfer-100,100,1,8.370000000000001
306,transfer,DQN-ReLU-transfer-100,100,4,2.37
307,transfer,DQN-ReLU-transfer-100,100,2,0.86
308,transfer,DQN-ReLU-transfer-100,100,0,8.47
309,transfer,DQN-ReLU-transfer-100,100,3,5.109999999999999
310,transfer,DQN-ReLU-vf5-transfer-49,49,4,9.92
311,transfer,DQN-ReLU-vf5-transfer-49,49,2,9.92
312,transfer,DQN-ReLU-vf5-transfer-49,49,0,10.0
313,transfer,DQN-ReLU-vf5-transfer-49,49,3,10.0
314,transfer,DQN-ReLU-vf5-transfer-49,49,1,10.0
315,transfer,DQN-ReLU-vf5-transfer-152,152,0,10.0
316,transfer,DQN-ReLU-vf5-transfer-152,152,1,10.0
317,transfer,DQN-ReLU-vf5-transfer-152,152,2,9.06
318,transfer,DQN-ReLU-vf5-transfer-152,152,4,9.11
319,transfer,DQN-ReLU-vf5-transfer-152,152,3,9.95
320,transfer,DQN-ReLU-transfer-20,20,2,9.86
321,transfer,DQN-ReLU-transfer-20,20,3,9.98
322,transfer,DQN-ReLU-transfer-20,20,0,10.0
323,transfer,DQN-ReLU-transfer-20,20,1,9.98
324,transfer,DQN-ReLU-transfer-20,20,4,9.99
325,transfer,DQN-ReLU-vf5-transfer-108,108,4,8.96
326,transfer,DQN-ReLU-vf5-transfer-108,108,0,10.0
327,transfer,DQN-ReLU-vf5-transfer-108,108,3,10.0
328,transfer,DQN-ReLU-vf5-transfer-108,108,2,9.58
329,transfer,DQN-ReLU-vf5-transfer-108,108,1,8.98
330,transfer,DQN-ReLU-transfer-51,51,2,9.67
331,transfer,DQN-ReLU-transfer-51,51,3,9.7
332,transfer,DQN-ReLU-transfer-51,51,1,9.780000000000001
333,transfer,DQN-ReLU-transfer-51,51,4,9.879999999999999
334,transfer,DQN-ReLU-transfer-51,51,0,9.98
335,transfer,DQN-ReLU-transfer-140,140,2,9.379999999999999
336,transfer,DQN-ReLU-transfer-140,140,1,9.11
337,transfer,DQN-ReLU-transfer-140,140,0,9.57
338,transfer,DQN-ReLU-transfer-140,140,3,9.45
339,transfer,DQN-ReLU-transfer-140,140,4,9.19
340,transfer,DQN-ReLU-vf5-transfer-169,169,0,9.84
341,transfer,DQN-ReLU-vf5-transfer-169,169,4,9.95
342,transfer,DQN-ReLU-vf5-transfer-169,169,3,9.620000000000001
343,transfer,DQN-ReLU-vf5-transfer-169,169,2,8.23
344,transfer,DQN-ReLU-vf5-transfer-169,169,1,9.620000000000001
345,transfer,DQN-ReLU-transfer-116,116,2,3.81
346,transfer,DQN-ReLU-transfer-116,116,3,8.629999999999999
347,transfer,DQN-ReLU-transfer-116,116,4,7.98
348,transfer,DQN-ReLU-transfer-116,116,0,8.94
349,transfer,DQN-ReLU-transfer-116,116,1,7.779999999999999
350,transfer,DQN-ReLU-transfer--1,-1,1,10.0
351,transfer,DQN-ReLU-transfer--1,-1,2,9.99
352,transfer,DQN-ReLU-transfer--1,-1,0,10.0
353,transfer,DQN-ReLU-transfer--1,-1,4,10.0
354,transfer,DQN-ReLU-transfer--1,-1,3,10.0
355,transfer,DQN-ReLU-vf5-transfer-144,144,4,9.3
356,transfer,DQN-ReLU-vf5-transfer-144,144,1,9.31
357,transfer,DQN-ReLU-vf5-transfer-144,144,0,9.94
358,transfer,DQN-ReLU-vf5-transfer-144,144,3,9.879999999999999
359,transfer,DQN-ReLU-vf5-transfer-144,144,2,9.89
360,transfer,DQN-ReLU-vf5-transfer-148,148,4,9.129999999999999
361,transfer,DQN-ReLU-vf5-transfer-148,148,0,9.1
362,transfer,DQN-ReLU-vf5-transfer-148,148,3,9.85
363,transfer,DQN-ReLU-vf5-transfer-148,148,1,9.1
364,transfer,DQN-ReLU-vf5-transfer-148,148,2,9.39
365,transfer,DQN-ReLU-vf5-transfer-33,33,2,10.0
366,transfer,DQN-ReLU-vf5-transfer-33,33,4,10.0
367,transfer,DQN-ReLU-vf5-transfer-33,33,3,10.0
368,transfer,DQN-ReLU-vf5-transfer-33,33,0,9.06
369,transfer,DQN-ReLU-vf5-transfer-33,33,1,9.99
370,transfer,DQN-ReLU-vf5-transfer-139,139,4,9.05
371,transfer,DQN-ReLU-vf5-transfer-139,139,3,9.5
372,transfer,DQN-ReLU-vf5-transfer-139,139,1,10.0
373,transfer,DQN-ReLU-vf5-transfer-139,139,2,10.0
374,transfer,DQN-ReLU-vf5-transfer-139,139,0,10.0
375,transfer,DQN-ReLU-transfer-56,56,3,8.39
376,transfer,DQN-ReLU-transfer-56,56,1,8.15
377,transfer,DQN-ReLU-transfer-56,56,4,9.01
378,transfer,DQN-ReLU-transfer-56,56,0,9.51
379,transfer,DQN-ReLU-transfer-56,56,2,8.47
380,transfer,DQN-ReLU-vf5-transfer-87,87,0,9.98
381,transfer,DQN-ReLU-vf5-transfer-87,87,2,9.99
382,transfer,DQN-ReLU-vf5-transfer-87,87,4,9.530000000000001
383,transfer,DQN-ReLU-vf5-transfer-87,87,3,10.0
384,transfer,DQN-ReLU-vf5-transfer-87,87,1,10.0
385,transfer,DQN-ReLU-transfer-82,82,2,2.17
386,transfer,DQN-ReLU-transfer-82,82,1,8.06
387,transfer,DQN-ReLU-transfer-82,82,4,6.959999999999999
388,transfer,DQN-ReLU-transfer-82,82,0,9.3
389,transfer,DQN-ReLU-transfer-82,82,3,8.370000000000001
390,transfer,DQN-ReLU-vf5-transfer-32,32,3,9.98
391,transfer,DQN-ReLU-vf5-transfer-32,32,4,9.34
392,transfer,DQN-ReLU-vf5-transfer-32,32,1,10.0
393,transfer,DQN-ReLU-vf5-transfer-32,32,0,10.0
394,transfer,DQN-ReLU-vf5-transfer-32,32,2,9.45
395,transfer,DQN-ReLU-vf5-transfer-29,29,0,9.94
396,transfer,DQN-ReLU-vf5-transfer-29,29,4,10.0
397,transfer,DQN-ReLU-vf5-transfer-29,29,1,10.0
398,transfer,DQN-ReLU-vf5-transfer-29,29,3,9.89
399,transfer,DQN-ReLU-vf5-transfer-29,29,2,9.98
400,transfer,DQN-ReLU-transfer-57,57,0,8.94
401,transfer,DQN-ReLU-transfer-57,57,1,8.97
402,transfer,DQN-ReLU-transfer-57,57,3,9.44
403,transfer,DQN-ReLU-transfer-57,57,2,9.14
404,transfer,DQN-ReLU-transfer-57,57,4,9.11
405,transfer,DQN-ReLU-transfer-37,37,1,9.97
406,transfer,DQN-ReLU-transfer-37,37,2,9.29
407,transfer,DQN-ReLU-transfer-37,37,3,9.870000000000001
408,transfer,DQN-ReLU-transfer-37,37,0,10.0
409,transfer,DQN-ReLU-transfer-37,37,4,9.84
410,transfer,DQN-ReLU-vf5-transfer-104,104,4,9.879999999999999
411,transfer,DQN-ReLU-vf5-transfer-104,104,2,7.9
412,transfer,DQN-ReLU-vf5-transfer-104,104,0,9.969999999999999
413,transfer,DQN-ReLU-vf5-transfer-104,104,1,9.07
414,transfer,DQN-ReLU-vf5-transfer-104,104,3,10.0
415,transfer,DQN-ReLU-vf5-transfer-55,55,0,9.030000000000001
416,transfer,DQN-ReLU-vf5-transfer-55,55,3,10.0
417,transfer,DQN-ReLU-vf5-transfer-55,55,2,10.0
418,transfer,DQN-ReLU-vf5-transfer-55,55,1,10.0
419,transfer,DQN-ReLU-vf5-transfer-55,55,4,9.530000000000001
420,transfer,DQN-ReLU-vf5-transfer-52,52,3,9.99
421,transfer,DQN-ReLU-vf5-transfer-52,52,4,9.55
422,transfer,DQN-ReLU-vf5-transfer-52,52,0,9.17
423,transfer,DQN-ReLU-vf5-transfer-52,52,1,9.99
424,transfer,DQN-ReLU-vf5-transfer-52,52,2,10.0
425,transfer,DQN-ReLU-transfer-10,10,3,10.0
426,transfer,DQN-ReLU-transfer-10,10,4,9.98
427,transfer,DQN-ReLU-transfer-10,10,2,10.0
428,transfer,DQN-ReLU-transfer-10,10,0,10.0
429,transfer,DQN-ReLU-transfer-10,10,1,10.0
430,transfer,DQN-ReLU-transfer-36,36,4,9.68
431,transfer,DQN-ReLU-transfer-36,36,0,10.0
432,transfer,DQN-ReLU-transfer-36,36,2,9.89
433,transfer,DQN-ReLU-transfer-36,36,1,9.92
434,transfer,DQN-ReLU-transfer-36,36,3,9.98
435,transfer,DQN-ReLU-vf5-transfer-69,69,4,9.91
436,transfer,DQN-ReLU-vf5-transfer-69,69,2,9.91
437,transfer,DQN-ReLU-vf5-transfer-69,69,3,9.969999999999999
438,transfer,DQN-ReLU-vf5-transfer-69,69,1,9.76
439,transfer,DQN-ReLU-vf5-transfer-69,69,0,9.99
440,transfer,DQN-ReLU-vf5-transfer-53,53,4,9.57
441,transfer,DQN-ReLU-vf5-transfer-53,53,0,10.0
442,transfer,DQN-ReLU-vf5-transfer-53,53,3,10.0
443,transfer,DQN-ReLU-vf5-transfer-53,53,2,10.0
444,transfer,DQN-ReLU-vf5-transfer-53,53,1,10.0
445,transfer,DQN-ReLU-transfer-147,147,3,8.370000000000001
446,transfer,DQN-ReLU-transfer-147,147,0,9.31
447,transfer,DQN-ReLU-transfer-147,147,4,4.0200000000000005
448,transfer,DQN-ReLU-transfer-147,147,1,8.23
449,transfer,DQN-ReLU-transfer-147,147,2,8.879999999999999
450,transfer,DQN-ReLU-vf5-transfer-162,162,0,3.7900000000000005
451,transfer,DQN-ReLU-vf5-transfer-162,162,4,9.27
452,transfer,DQN-ReLU-vf5-transfer-162,162,3,9.57
453,transfer,DQN-ReLU-vf5-transfer-162,162,2,9.620000000000001
454,transfer,DQN-ReLU-vf5-transfer-162,162,1,8.21
455,transfer,DQN-ReLU-transfer-88,88,2,6.92
456,transfer,DQN-ReLU-transfer-88,88,4,8.86
457,transfer,DQN-ReLU-transfer-88,88,1,8.129999999999999
458,transfer,DQN-ReLU-transfer-88,88,3,9.2
459,transfer,DQN-ReLU-transfer-88,88,0,9.24
460,transfer,DQN-ReLU-vf5-transfer-14,14,2,9.83
461,transfer,DQN-ReLU-vf5-transfer-14,14,4,9.91
462,transfer,DQN-ReLU-vf5-transfer-14,14,0,9.219999999999999
463,transfer,DQN-ReLU-vf5-transfer-14,14,1,9.879999999999999
464,transfer,DQN-ReLU-vf5-transfer-14,14,3,9.65
465,transfer,DQN-ReLU-transfer-70,70,2,8.47
466,transfer,DQN-ReLU-transfer-70,70,1,9.06
467,transfer,DQN-ReLU-transfer-70,70,4,8.55
468,transfer,DQN-ReLU-transfer-70,70,3,8.89
469,transfer,DQN-ReLU-transfer-70,70,0,9.95
470,transfer,DQN-ReLU-transfer-131,131,3,9.870000000000001
471,transfer,DQN-ReLU-transfer-131,131,0,9.33
472,transfer,DQN-ReLU-transfer-131,131,4,8.05
473,transfer,DQN-ReLU-transfer-131,131,1,8.82
474,transfer,DQN-ReLU-transfer-131,131,2,9.11
475,transfer,DQN-ReLU-vf5-transfer-78,78,4,9.96
476,transfer,DQN-ReLU-vf5-transfer-78,78,0,9.93
477,transfer,DQN-ReLU-vf5-transfer-78,78,2,9.24
478,transfer,DQN-ReLU-vf5-transfer-78,78,1,9.99
479,transfer,DQN-ReLU-vf5-transfer-78,78,3,9.99
480,transfer,DQN-ReLU-transfer-92,92,2,2.0700000000000003
481,transfer,DQN-ReLU-transfer-92,92,0,8.67
482,transfer,DQN-ReLU-transfer-92,92,1,4.57
483,transfer,DQN-ReLU-transfer-92,92,4,1.0899999999999999
484,transfer,DQN-ReLU-transfer-92,92,3,5.33
485,transfer,DQN-ReLU-vf5-transfer-4,4,0,9.99
486,transfer,DQN-ReLU-vf5-transfer-4,4,1,9.66
487,transfer,DQN-ReLU-vf5-transfer-4,4,4,10.0
488,transfer,DQN-ReLU-vf5-transfer-4,4,3,9.26
489,transfer,DQN-ReLU-vf5-transfer-4,4,2,9.129999999999999
490,transfer,DQN-ReLU-transfer-126,126,4,9.129999999999999
491,transfer,DQN-ReLU-transfer-126,126,0,9.96
492,transfer,DQN-ReLU-transfer-126,126,1,9.26
493,transfer,DQN-ReLU-transfer-126,126,2,7.68
494,transfer,DQN-ReLU-transfer-126,126,3,9.129999999999999
495,transfer,DQN-ReLU-vf5-transfer-118,118,4,9.34
496,transfer,DQN-ReLU-vf5-transfer-118,118,0,9.21
497,transfer,DQN-ReLU-vf5-transfer-118,118,3,9.43
498,transfer,DQN-ReLU-vf5-transfer-118,118,2,9.030000000000001
499,transfer,DQN-ReLU-vf5-transfer-118,118,1,9.07
500,transfer,DQN-ReLU-transfer-47,47,1,9.82
501,transfer,DQN-ReLU-transfer-47,47,0,9.95
502,transfer,DQN-ReLU-transfer-47,47,2,9.95
503,transfer,DQN-ReLU-transfer-47,47,3,9.2
504,transfer,DQN-ReLU-transfer-47,47,4,9.92
505,transfer,DQN-ReLU-vf5-transfer-63,63,4,9.96
506,transfer,DQN-ReLU-vf5-transfer-63,63,0,9.27
507,transfer,DQN-ReLU-vf5-transfer-63,63,1,9.7
508,transfer,DQN-ReLU-vf5-transfer-63,63,3,9.98
509,transfer,DQN-ReLU-vf5-transfer-63,63,2,10.0
510,transfer,DQN-ReLU-vf5-transfer-19,19,0,9.79
511,transfer,DQN-ReLU-vf5-transfer-19,19,2,8.74
512,transfer,DQN-ReLU-vf5-transfer-19,19,4,9.99
513,transfer,DQN-ReLU-vf5-transfer-19,19,1,9.95
514,transfer,DQN-ReLU-vf5-transfer-19,19,3,9.83
515,transfer,DQN-ReLU-transfer-150,150,2,6.46
516,transfer,DQN-ReLU-transfer-150,150,3,8.95
517,transfer,DQN-ReLU-transfer-150,150,4,4.42
518,transfer,DQN-ReLU-transfer-150,150,0,2.76
519,transfer,DQN-ReLU-transfer-150,150,1,6.98
520,transfer,DQN-ReLU-vf5-transfer-79,79,0,9.92
521,transfer,DQN-ReLU-vf5-transfer-79,79,1,9.98
522,transfer,DQN-ReLU-vf5-transfer-79,79,4,9.67
523,transfer,DQN-ReLU-vf5-transfer-79,79,2,9.77
524,transfer,DQN-ReLU-vf5-transfer-79,79,3,10.0
525,transfer,DQN-ReLU-transfer-6,6,4,9.99
526,transfer,DQN-ReLU-transfer-6,6,2,10.0
527,transfer,DQN-ReLU-transfer-6,6,1,10.0
528,transfer,DQN-ReLU-transfer-6,6,3,9.99
529,transfer,DQN-ReLU-transfer-6,6,0,10.0
530,transfer,DQN-ReLU-transfer-46,46,4,9.98
531,transfer,DQN-ReLU-transfer-46,46,2,9.9
532,transfer,DQN-ReLU-transfer-46,46,1,9.94
533,transfer,DQN-ReLU-transfer-46,46,3,10.0
534,transfer,DQN-ReLU-transfer-46,46,0,9.67
535,transfer,DQN-ReLU-vf5-transfer-5,5,1,10.0
536,transfer,DQN-ReLU-vf5-transfer-5,5,3,9.96
537,transfer,DQN-ReLU-vf5-transfer-5,5,0,9.92
538,transfer,DQN-ReLU-vf5-transfer-5,5,2,9.95
539,transfer,DQN-ReLU-vf5-transfer-5,5,4,9.95
540,transfer,DQN-ReLU-transfer-7,7,2,9.97
541,transfer,DQN-ReLU-transfer-7,7,3,10.0
542,transfer,DQN-ReLU-transfer-7,7,1,10.0
543,transfer,DQN-ReLU-transfer-7,7,0,10.0
544,transfer,DQN-ReLU-transfer-7,7,4,10.0
545,transfer,DQN-ReLU-transfer-89,89,4,9.92
546,transfer,DQN-ReLU-transfer-89,89,1,9.629999999999999
547,transfer,DQN-ReLU-transfer-89,89,2,9.52
548,transfer,DQN-ReLU-transfer-89,89,0,9.3
549,transfer,DQN-ReLU-transfer-89,89,3,9.6
550,transfer,DQN-ReLU-transfer-67,67,0,9.95
551,transfer,DQN-ReLU-transfer-67,67,3,9.41
552,transfer,DQN-ReLU-transfer-67,67,4,9.1
553,transfer,DQN-ReLU-transfer-67,67,2,9.100000000000001
554,transfer,DQN-ReLU-transfer-67,67,1,9.44
555,transfer,DQN-ReLU-vf5-transfer-97,97,4,9.99
556,transfer,DQN-ReLU-vf5-transfer-97,97,3,9.969999999999999
557,transfer,DQN-ReLU-vf5-transfer-97,97,2,9.99
558,transfer,DQN-ReLU-vf5-transfer-97,97,1,9.99
559,transfer,DQN-ReLU-vf5-transfer-97,97,0,9.24
560,transfer,DQN-ReLU-transfer-151,151,2,4.16
561,transfer,DQN-ReLU-transfer-151,151,3,8.73
562,transfer,DQN-ReLU-transfer-151,151,4,3.75
563,transfer,DQN-ReLU-transfer-151,151,0,8.9
564,transfer,DQN-ReLU-transfer-151,151,1,6.16
565,transfer,DQN-ReLU-transfer-130,130,3,9.68
566,transfer,DQN-ReLU-transfer-130,130,2,9.44
567,transfer,DQN-ReLU-transfer-130,130,0,9.57
568,transfer,DQN-ReLU-transfer-130,130,4,9.27
569,transfer,DQN-ReLU-transfer-130,130,1,9.6
570,transfer,DQN-ReLU-vf5-transfer-163,163,2,9.18
571,transfer,DQN-ReLU-vf5-transfer-163,163,4,10.0
572,transfer,DQN-ReLU-vf5-transfer-163,163,0,10.0
573,transfer,DQN-ReLU-vf5-transfer-163,163,1,10.0
574,transfer,DQN-ReLU-vf5-transfer-163,163,3,9.54
575,transfer,DQN-ReLU-vf5-transfer-42,42,0,9.75
576,transfer,DQN-ReLU-vf5-transfer-42,42,3,9.95
577,transfer,DQN-ReLU-vf5-transfer-42,42,2,9.86
578,transfer,DQN-ReLU-vf5-transfer-42,42,4,10.0
579,transfer,DQN-ReLU-vf5-transfer-42,42,1,10.0
580,transfer,DQN-ReLU-vf5-transfer-43,43,3,10.0
581,transfer,DQN-ReLU-vf5-transfer-43,43,2,9.6
582,transfer,DQN-ReLU-vf5-transfer-43,43,4,9.94
583,transfer,DQN-ReLU-vf5-transfer-43,43,0,10.0
584,transfer,DQN-ReLU-vf5-transfer-43,43,1,10.0
585,transfer,DQN-ReLU-vf5-transfer-62,62,4,9.870000000000001
586,transfer,DQN-ReLU-vf5-transfer-62,62,3,9.23
587,transfer,DQN-ReLU-vf5-transfer-62,62,2,9.99
588,transfer,DQN-ReLU-vf5-transfer-62,62,0,9.27
589,transfer,DQN-ReLU-vf5-transfer-62,62,1,0.0
590,transfer,DQN-ReLU-vf5-transfer-75,75,4,9.99
591,transfer,DQN-ReLU-vf5-transfer-75,75,0,10.0
592,transfer,DQN-ReLU-vf5-transfer-75,75,2,9.77
593,transfer,DQN-ReLU-vf5-transfer-75,75,1,9.99
594,transfer,DQN-ReLU-vf5-transfer-75,75,3,9.780000000000001
595,transfer,DQN-ReLU-vf5-transfer-114,114,0,9.21
596,transfer,DQN-ReLU-vf5-transfer-114,114,2,9.34
597,transfer,DQN-ReLU-vf5-transfer-114,114,4,9.06
598,transfer,DQN-ReLU-vf5-transfer-114,114,3,9.98
599,transfer,DQN-ReLU-vf5-transfer-114,114,1,9.01
600,transfer,DQN-ReLU-vf5-transfer-96,96,4,9.59
601,transfer,DQN-ReLU-vf5-transfer-96,96,1,9.7
602,transfer,DQN-ReLU-vf5-transfer-96,96,3,9.15
603,transfer,DQN-ReLU-vf5-transfer-96,96,0,8.629999999999999
604,transfer,DQN-ReLU-vf5-transfer-96,96,2,9.05
605,transfer,DQN-ReLU-transfer-127,127,4,8.99
606,transfer,DQN-ReLU-transfer-127,127,0,9.55
607,transfer,DQN-ReLU-transfer-127,127,2,9.04
608,transfer,DQN-ReLU-transfer-127,127,3,9.14
609,transfer,DQN-ReLU-transfer-127,127,1,9.23
610,transfer,DQN-ReLU-vf5-transfer-18,18,3,9.9
611,transfer,DQN-ReLU-vf5-transfer-18,18,4,9.19
612,transfer,DQN-ReLU-vf5-transfer-18,18,1,10.0
613,transfer,DQN-ReLU-vf5-transfer-18,18,0,9.59
614,transfer,DQN-ReLU-vf5-transfer-18,18,2,9.52
615,transfer,DQN-ReLU-transfer-11,11,1,10.0
616,transfer,DQN-ReLU-transfer-11,11,0,10.0
617,transfer,DQN-ReLU-transfer-11,11,4,10.0
618,transfer,DQN-ReLU-transfer-11,11,3,10.0
619,transfer,DQN-ReLU-transfer-11,11,2,9.98
620,transfer,DQN-ReLU-vf5-transfer-38,38,2,9.68
621,transfer,DQN-ReLU-vf5-transfer-38,38,0,9.969999999999999
622,transfer,DQN-ReLU-vf5-transfer-38,38,1,9.52
623,transfer,DQN-ReLU-vf5-transfer-38,38,3,10.0
624,transfer,DQN-ReLU-vf5-transfer-38,38,4,9.95
625,transfer,DQN-ReLU-transfer-66,66,1,1.2699999999999998
626,transfer,DQN-ReLU-transfer-66,66,2,0.47000000000000003
627,transfer,DQN-ReLU-transfer-66,66,0,9.58
628,transfer,DQN-ReLU-transfer-66,66,4,9.24
629,transfer,DQN-ReLU-transfer-66,66,3,7.95
630,transfer,DQN-ReLU-transfer-71,71,3,9.31
631,transfer,DQN-ReLU-transfer-71,71,4,9.969999999999999
632,transfer,DQN-ReLU-transfer-71,71,2,9.77
633,transfer,DQN-ReLU-transfer-71,71,1,9.93
634,transfer,DQN-ReLU-transfer-71,71,0,9.53
635,transfer,DQN-ReLU-transfer-85,85,1,8.5
636,transfer,DQN-ReLU-transfer-85,85,0,9.66
637,transfer,DQN-ReLU-transfer-85,85,4,8.440000000000001
638,transfer,DQN-ReLU-transfer-85,85,2,8.67
639,transfer,DQN-ReLU-transfer-85,85,3,8.58
640,transfer,DQN-ReLU-vf5-transfer-115,115,4,8.02
641,transfer,DQN-ReLU-vf5-transfer-115,115,1,4.01
642,transfer,DQN-ReLU-vf5-transfer-115,115,3,9.96
643,transfer,DQN-ReLU-vf5-transfer-115,115,0,8.79
644,transfer,DQN-ReLU-vf5-transfer-115,115,2,7.869999999999999
645,transfer,DQN-ReLU-transfer-170,170,3,8.98
646,transfer,DQN-ReLU-transfer-170,170,0,8.17
647,transfer,DQN-ReLU-transfer-170,170,4,1.25
648,transfer,DQN-ReLU-transfer-170,170,1,7.23
649,transfer,DQN-ReLU-transfer-170,170,2,4.16
650,transfer,DQN-ReLU-vf5-transfer-9,9,0,9.98
651,transfer,DQN-ReLU-vf5-transfer-9,9,1,9.99
652,transfer,DQN-ReLU-vf5-transfer-9,9,2,9.83
653,transfer,DQN-ReLU-vf5-transfer-9,9,3,9.969999999999999
654,transfer,DQN-ReLU-vf5-transfer-9,9,4,9.25
655,transfer,DQN-ReLU-transfer-110,110,0,5.890000000000001
656,transfer,DQN-ReLU-transfer-110,110,3,9.57
657,transfer,DQN-ReLU-transfer-110,110,2,8.3
658,transfer,DQN-ReLU-transfer-110,110,4,9.29
659,transfer,DQN-ReLU-transfer-110,110,1,8.75
660,transfer,DQN-ReLU-vf5-transfer-15,15,3,9.32
661,transfer,DQN-ReLU-vf5-transfer-15,15,0,9.92
662,transfer,DQN-ReLU-vf5-transfer-15,15,1,9.99
663,transfer,DQN-ReLU-vf5-transfer-15,15,2,9.44
664,transfer,DQN-ReLU-vf5-transfer-15,15,4,9.7
665,transfer,DQN-ReLU-vf5-transfer-35,35,0,9.98
666,transfer,DQN-ReLU-vf5-transfer-35,35,2,9.8
667,transfer,DQN-ReLU-vf5-transfer-35,35,1,10.0
668,transfer,DQN-ReLU-vf5-transfer-35,35,3,9.99
669,transfer,DQN-ReLU-vf5-transfer-35,35,4,9.96
670,transfer,DQN-ReLU-vf5-transfer-102,102,4,10.0
671,transfer,DQN-ReLU-vf5-transfer-102,102,2,10.0
672,transfer,DQN-ReLU-vf5-transfer-102,102,0,10.0
673,transfer,DQN-ReLU-vf5-transfer-102,102,1,9.17
674,transfer,DQN-ReLU-vf5-transfer-102,102,3,9.14
675,transfer,DQN-ReLU-vf5-transfer-119,119,4,9.4
676,transfer,DQN-ReLU-vf5-transfer-119,119,3,9.99
677,transfer,DQN-ReLU-vf5-transfer-119,119,0,9.58
678,transfer,DQN-ReLU-vf5-transfer-119,119,1,9.23
679,transfer,DQN-ReLU-vf5-transfer-119,119,2,9.27
680,transfer,DQN-ReLU-vf5-transfer-142,142,3,10.0
681,transfer,DQN-ReLU-vf5-transfer-142,142,2,9.35
682,transfer,DQN-ReLU-vf5-transfer-142,142,0,10.0
683,transfer,DQN-ReLU-vf5-transfer-142,142,1,10.0
684,transfer,DQN-ReLU-vf5-transfer-142,142,4,9.99
685,transfer,DQN-ReLU-vf5-transfer-134,134,4,9.89
686,transfer,DQN-ReLU-vf5-transfer-134,134,0,9.93
687,transfer,DQN-ReLU-vf5-transfer-134,134,1,9.17
688,transfer,DQN-ReLU-vf5-transfer-134,134,3,10.0
689,transfer,DQN-ReLU-vf5-transfer-134,134,2,9.56
690,transfer,DQN-ReLU-vf5-transfer-123,123,4,9.67
691,transfer,DQN-ReLU-vf5-transfer-123,123,2,9.370000000000001
692,transfer,DQN-ReLU-vf5-transfer-123,123,1,6.83
693,transfer,DQN-ReLU-vf5-transfer-123,123,0,9.31
694,transfer,DQN-ReLU-vf5-transfer-123,123,3,9.98
695,transfer,DQN-ReLU-vf5-transfer-154,154,4,10.0
696,transfer,DQN-ReLU-vf5-transfer-154,154,0,9.11
697,transfer,DQN-ReLU-vf5-transfer-154,154,2,9.79
698,transfer,DQN-ReLU-vf5-transfer-154,154,3,9.96
699,transfer,DQN-ReLU-vf5-transfer-154,154,1,9.99
700,transfer,DQN-ReLU-transfer-31,31,3,9.9
701,transfer,DQN-ReLU-transfer-31,31,2,9.99
702,transfer,DQN-ReLU-transfer-31,31,1,10.0
703,transfer,DQN-ReLU-transfer-31,31,4,9.95
704,transfer,DQN-ReLU-transfer-31,31,0,10.0
705,transfer,DQN-ReLU-transfer-50,50,1,9.86
706,transfer,DQN-ReLU-transfer-50,50,0,10.0
707,transfer,DQN-ReLU-transfer-50,50,2,9.6
708,transfer,DQN-ReLU-transfer-50,50,3,9.93
709,transfer,DQN-ReLU-transfer-50,50,4,9.91
710,transfer,DQN-ReLU-vf5-transfer-81,81,1,9.870000000000001
711,transfer,DQN-ReLU-vf5-transfer-81,81,4,10.0
712,transfer,DQN-ReLU-vf5-transfer-81,81,3,10.0
713,transfer,DQN-ReLU-vf5-transfer-81,81,0,10.0
714,transfer,DQN-ReLU-vf5-transfer-81,81,2,8.120000000000001
715,transfer,DQN-ReLU-vf5-transfer-22,22,0,9.370000000000001
716,transfer,DQN-ReLU-vf5-transfer-22,22,2,9.94
717,transfer,DQN-ReLU-vf5-transfer-22,22,4,9.969999999999999
718,transfer,DQN-ReLU-vf5-transfer-22,22,1,9.99
719,transfer,DQN-ReLU-vf5-transfer-22,22,3,9.7
720,transfer,DQN-ReLU-transfer-106,106,2,1.5399999999999998
721,transfer,DQN-ReLU-transfer-106,106,4,4.0600000000000005
722,transfer,DQN-ReLU-transfer-106,106,3,7.52
723,transfer,DQN-ReLU-transfer-106,106,1,7.83
724,transfer,DQN-ReLU-transfer-106,106,0,8.67
725,transfer,DQN-ReLU-vf5-transfer-58,58,3,10.0
726,transfer,DQN-ReLU-vf5-transfer-58,58,1,10.0
727,transfer,DQN-ReLU-vf5-transfer-58,58,4,10.0
728,transfer,DQN-ReLU-vf5-transfer-58,58,0,10.0
729,transfer,DQN-ReLU-vf5-transfer-58,58,2,10.0
730,transfer,DQN-ReLU-transfer-84,84,0,8.22
731,transfer,DQN-ReLU-transfer-84,84,2,6.29
732,transfer,DQN-ReLU-transfer-84,84,3,8.77
733,transfer,DQN-ReLU-transfer-84,84,4,8.08
734,transfer,DQN-ReLU-transfer-84,84,1,7.57
735,transfer,DQN-ReLU-transfer-167,167,4,7.5
736,transfer,DQN-ReLU-transfer-167,167,0,8.44
737,transfer,DQN-ReLU-transfer-167,167,1,7.79
738,transfer,DQN-ReLU-transfer-167,167,3,9.21
739,transfer,DQN-ReLU-transfer-167,167,2,7.359999999999999
740,transfer,DQN-ReLU-vf5-transfer-138,138,4,9.14
741,transfer,DQN-ReLU-vf5-transfer-138,138,3,10.0
742,transfer,DQN-ReLU-vf5-transfer-138,138,0,9.89
743,transfer,DQN-ReLU-vf5-transfer-138,138,1,9.879999999999999
744,transfer,DQN-ReLU-vf5-transfer-138,138,2,7.96
745,transfer,DQN-ReLU-transfer-171,171,3,8.6
746,transfer,DQN-ReLU-transfer-171,171,1,7.630000000000001
747,transfer,DQN-ReLU-transfer-171,171,4,6.75
748,transfer,DQN-ReLU-transfer-171,171,2,2.34
749,transfer,DQN-ReLU-transfer-171,171,0,6.22
750,transfer,DQN-ReLU-vf5-transfer-159,159,3,9.969999999999999
751,transfer,DQN-ReLU-vf5-transfer-159,159,4,9.61
752,transfer,DQN-ReLU-vf5-transfer-159,159,1,9.11
753,transfer,DQN-ReLU-vf5-transfer-159,159,0,9.99
754,transfer,DQN-ReLU-vf5-transfer-159,159,2,9.969999999999999
755,transfer,DQN-ReLU-transfer-26,26,4,9.99
756,transfer,DQN-ReLU-transfer-26,26,0,10.0
757,transfer,DQN-ReLU-transfer-26,26,1,10.0
758,transfer,DQN-ReLU-transfer-26,26,2,9.37
759,transfer,DQN-ReLU-transfer-26,26,3,9.99
760,transfer,DQN-ReLU-transfer-146,146,3,8.52
761,transfer,DQN-ReLU-transfer-146,146,0,8.6
762,transfer,DQN-ReLU-transfer-146,146,2,8.47
763,transfer,DQN-ReLU-transfer-146,146,1,8.61
764,transfer,DQN-ReLU-transfer-146,146,4,8.55
765,transfer,DQN-ReLU-vf5-transfer-103,103,1,8.83
766,transfer,DQN-ReLU-vf5-transfer-103,103,4,9.11
767,transfer,DQN-ReLU-vf5-transfer-103,103,3,8.69
768,transfer,DQN-ReLU-vf5-transfer-103,103,0,9.33
769,transfer,DQN-ReLU-vf5-transfer-103,103,2,9.26
770,transfer,DQN-ReLU-vf5-transfer-143,143,4,10.0
771,transfer,DQN-ReLU-vf5-transfer-143,143,1,10.0
772,transfer,DQN-ReLU-vf5-transfer-143,143,2,8.280000000000001
773,transfer,DQN-ReLU-vf5-transfer-143,143,3,10.0
774,transfer,DQN-ReLU-vf5-transfer-143,143,0,9.65
775,transfer,DQN-ReLU-vf5-transfer-34,34,0,9.92
776,transfer,DQN-ReLU-vf5-transfer-34,34,4,9.5
777,transfer,DQN-ReLU-vf5-transfer-34,34,1,9.969999999999999
778,transfer,DQN-ReLU-vf5-transfer-34,34,2,9.95
779,transfer,DQN-ReLU-vf5-transfer-34,34,3,10.0
780,transfer,DQN-ReLU-vf5-transfer-8,8,0,10.0
781,transfer,DQN-ReLU-vf5-transfer-8,8,3,9.870000000000001
782,transfer,DQN-ReLU-vf5-transfer-8,8,2,9.969999999999999
783,transfer,DQN-ReLU-vf5-transfer-8,8,4,10.0
784,transfer,DQN-ReLU-vf5-transfer-8,8,1,10.0
785,transfer,DQN-ReLU-vf5-transfer-135,135,4,9.9
786,transfer,DQN-ReLU-vf5-transfer-135,135,3,9.89
787,transfer,DQN-ReLU-vf5-transfer-135,135,0,9.94
788,transfer,DQN-ReLU-vf5-transfer-135,135,1,8.35
789,transfer,DQN-ReLU-vf5-transfer-135,135,2,8.93
790,transfer,DQN-ReLU-vf5-transfer-54,54,4,10.0
791,transfer,DQN-ReLU-vf5-transfer-54,54,0,9.129999999999999
792,transfer,DQN-ReLU-vf5-transfer-54,54,3,10.0
793,transfer,DQN-ReLU-vf5-transfer-54,54,1,10.0
794,transfer,DQN-ReLU-vf5-transfer-54,54,2,10.0
795,transfer,DQN-ReLU-vf5-transfer-23,23,0,9.93
796,transfer,DQN-ReLU-vf5-transfer-23,23,2,9.93
797,transfer,DQN-ReLU-vf5-transfer-23,23,3,9.36
798,transfer,DQN-ReLU-vf5-transfer-23,23,4,9.620000000000001
799,transfer,DQN-ReLU-vf5-transfer-23,23,1,9.93
800,transfer,DQN-ReLU-vf5-transfer-39,39,2,10.0
801,transfer,DQN-ReLU-vf5-transfer-39,39,1,9.99
802,transfer,DQN-ReLU-vf5-transfer-39,39,0,10.0
803,transfer,DQN-ReLU-vf5-transfer-39,39,4,10.0
804,transfer,DQN-ReLU-vf5-transfer-39,39,3,9.99
805,transfer,DQN-ReLU-transfer-107,107,0,4.290000000000001
806,transfer,DQN-ReLU-transfer-107,107,4,2.32
807,transfer,DQN-ReLU-transfer-107,107,1,8.5
808,transfer,DQN-ReLU-transfer-107,107,2,8.6
809,transfer,DQN-ReLU-transfer-107,107,3,8.92
810,transfer,DQN-ReLU-vf5-transfer-80,80,4,9.629999999999999
811,transfer,DQN-ReLU-vf5-transfer-80,80,3,10.0
812,transfer,DQN-ReLU-vf5-transfer-80,80,0,9.69
813,transfer,DQN-ReLU-vf5-transfer-80,80,2,9.1
814,transfer,DQN-ReLU-vf5-transfer-80,80,1,9.8
815,transfer,DQN-ReLU-transfer-30,30,4,9.99
816,transfer,DQN-ReLU-transfer-30,30,2,9.969999999999999
817,transfer,DQN-ReLU-transfer-30,30,0,10.0
818,transfer,DQN-ReLU-transfer-30,30,3,9.98
819,transfer,DQN-ReLU-transfer-30,30,1,10.0
820,transfer,DQN-ReLU-vf5-transfer-122,122,4,9.68
821,transfer,DQN-ReLU-vf5-transfer-122,122,3,9.76
822,transfer,DQN-ReLU-vf5-transfer-122,122,0,10.0
823,transfer,DQN-ReLU-vf5-transfer-122,122,1,9.04
824,transfer,DQN-ReLU-vf5-transfer-122,122,2,9.54
825,transfer,DQN-ReLU-transfer-104,104,2,6.23
826,transfer,DQN-ReLU-transfer-104,104,3,8.33
827,transfer,DQN-ReLU-transfer-104,104,4,6.390000000000001
828,transfer,DQN-ReLU-transfer-104,104,0,8.629999999999999
829,transfer,DQN-ReLU-transfer-104,104,1,8.469999999999999
830,transfer,DQN-ReLU-vf5-transfer-59,59,4,9.99
831,transfer,DQN-ReLU-vf5-transfer-59,59,2,9.23
832,transfer,DQN-ReLU-vf5-transfer-59,59,0,10.0
833,transfer,DQN-ReLU-vf5-transfer-59,59,1,9.48
834,transfer,DQN-ReLU-vf5-transfer-59,59,3,10.0
835,transfer,DQN-ReLU-transfer-27,27,2,9.870000000000001
836,transfer,DQN-ReLU-transfer-27,27,1,9.99
837,transfer,DQN-ReLU-transfer-27,27,4,9.95
838,transfer,DQN-ReLU-transfer-27,27,0,9.65
839,transfer,DQN-ReLU-transfer-27,27,3,9.99
840,transfer,DQN-ReLU-transfer-93,93,2,1.7899999999999998
841,transfer,DQN-ReLU-transfer-93,93,0,9.3
842,transfer,DQN-ReLU-transfer-93,93,1,7.71
843,transfer,DQN-ReLU-transfer-93,93,4,3.54
844,transfer,DQN-ReLU-transfer-93,93,3,9.17
845,transfer,DQN-ReLU-transfer-111,111,1,8.41
846,transfer,DQN-ReLU-transfer-111,111,0,9.219999999999999
847,transfer,DQN-ReLU-transfer-111,111,4,8.49
848,transfer,DQN-ReLU-transfer-111,111,3,8.44
849,transfer,DQN-ReLU-transfer-111,111,2,7.67
850,transfer,DQN-ReLU-vf5-transfer-117,117,4,9.969999999999999
851,transfer,DQN-ReLU-vf5-transfer-117,117,3,9.96
852,transfer,DQN-ReLU-vf5-transfer-117,117,1,9.99
853,transfer,DQN-ReLU-vf5-transfer-117,117,2,9.33
854,transfer,DQN-ReLU-vf5-transfer-117,117,0,10.0
855,transfer,DQN-ReLU-transfer-166,166,1,6.0200000000000005
856,transfer,DQN-ReLU-transfer-166,166,3,8.66
857,transfer,DQN-ReLU-transfer-166,166,2,1.8299999999999998
858,transfer,DQN-ReLU-transfer-166,166,4,1.9300000000000002
859,transfer,DQN-ReLU-transfer-166,166,0,8.46
860,transfer,DQN-ReLU-vf5-transfer-158,158,4,9.79
861,transfer,DQN-ReLU-vf5-transfer-158,158,3,10.0
862,transfer,DQN-ReLU-vf5-transfer-158,158,0,9.65
863,transfer,DQN-ReLU-vf5-transfer-158,158,1,9.129999999999999
864,transfer,DQN-ReLU-vf5-transfer-158,158,2,9.15
865,transfer,DQN-ReLU-transfer-108,108,4,1.29
866,transfer,DQN-ReLU-transfer-108,108,1,8.36
867,transfer,DQN-ReLU-transfer-108,108,0,9.16
868,transfer,DQN-ReLU-transfer-108,108,2,5.82
869,transfer,DQN-ReLU-transfer-108,108,3,8.379999999999999
870,transfer,DQN-ReLU-transfer-28,28,4,9.96
871,transfer,DQN-ReLU-transfer-28,28,2,9.83
872,transfer,DQN-ReLU-transfer-28,28,3,9.99
873,transfer,DQN-ReLU-transfer-28,28,1,10.0
874,transfer,DQN-ReLU-transfer-28,28,0,9.66
875,transfer,DQN-ReLU-vf5-transfer-74,74,3,9.879999999999999
876,transfer,DQN-ReLU-vf5-transfer-74,74,2,9.16
877,transfer,DQN-ReLU-vf5-transfer-74,74,4,10.0
878,transfer,DQN-ReLU-vf5-transfer-74,74,0,10.0
879,transfer,DQN-ReLU-vf5-transfer-74,74,1,9.99
880,transfer,DQN-ReLU-vf5-transfer-155,155,4,9.31
881,transfer,DQN-ReLU-vf5-transfer-155,155,0,9.76
882,transfer,DQN-ReLU-vf5-transfer-155,155,1,9.0
883,transfer,DQN-ReLU-vf5-transfer-155,155,3,9.98
884,transfer,DQN-ReLU-vf5-transfer-155,155,2,10.0
885,transfer,DQN-ReLU-vf5-transfer-41,41,4,10.0
886,transfer,DQN-ReLU-vf5-transfer-41,41,0,10.0
887,transfer,DQN-ReLU-vf5-transfer-41,41,2,10.0
888,transfer,DQN-ReLU-vf5-transfer-41,41,3,10.0
889,transfer,DQN-ReLU-vf5-transfer-41,41,1,9.530000000000001
890,transfer,DQN-ReLU-transfer-165,165,2,6.85
891,transfer,DQN-ReLU-transfer-165,165,3,8.870000000000001
892,transfer,DQN-ReLU-transfer-165,165,1,7.68
893,transfer,DQN-ReLU-transfer-165,165,4,5.6899999999999995
894,transfer,DQN-ReLU-transfer-165,165,0,9.45
895,transfer,DQN-ReLU-transfer-153,153,1,6.41
896,transfer,DQN-ReLU-transfer-153,153,0,8.69
897,transfer,DQN-ReLU-transfer-153,153,2,7.87
898,transfer,DQN-ReLU-transfer-153,153,4,1.17
899,transfer,DQN-ReLU-transfer-153,153,3,8.8
900,transfer,DQN-ReLU-transfer-5,5,1,9.99
901,transfer,DQN-ReLU-transfer-5,5,4,9.99
902,transfer,DQN-ReLU-transfer-5,5,3,10.0
903,transfer,DQN-ReLU-transfer-5,5,2,10.0
904,transfer,DQN-ReLU-transfer-5,5,0,10.0
905,transfer,DQN-ReLU-vf5-transfer-20,20,3,10.0
906,transfer,DQN-ReLU-vf5-transfer-20,20,2,10.0
907,transfer,DQN-ReLU-vf5-transfer-20,20,0,10.0
908,transfer,DQN-ReLU-vf5-transfer-20,20,4,9.99
909,transfer,DQN-ReLU-vf5-transfer-20,20,1,9.99
910,transfer,DQN-ReLU-transfer-72,72,4,9.91
911,transfer,DQN-ReLU-transfer-72,72,2,9.4
912,transfer,DQN-ReLU-transfer-72,72,1,9.81
913,transfer,DQN-ReLU-transfer-72,72,3,9.02
914,transfer,DQN-ReLU-transfer-72,72,0,10.0
915,transfer,DQN-ReLU-vf5-transfer-140,140,2,9.99
916,transfer,DQN-ReLU-vf5-transfer-140,140,4,10.0
917,transfer,DQN-ReLU-vf5-transfer-140,140,3,9.98
918,transfer,DQN-ReLU-vf5-transfer-140,140,1,9.98
919,transfer,DQN-ReLU-vf5-transfer-140,140,0,10.0
920,transfer,DQN-ReLU-vf5-transfer-40,40,3,10.0
921,transfer,DQN-ReLU-vf5-transfer-40,40,0,9.99
922,transfer,DQN-ReLU-vf5-transfer-40,40,1,9.7
923,transfer,DQN-ReLU-vf5-transfer-40,40,4,9.99
924,transfer,DQN-ReLU-vf5-transfer-40,40,2,9.59
925,transfer,DQN-ReLU-vf5-transfer-7,7,3,9.870000000000001
926,transfer,DQN-ReLU-vf5-transfer-7,7,0,9.99
927,transfer,DQN-ReLU-vf5-transfer-7,7,2,10.0
928,transfer,DQN-ReLU-vf5-transfer-7,7,4,9.99
929,transfer,DQN-ReLU-vf5-transfer-7,7,1,10.0
930,transfer,DQN-ReLU-transfer-133,133,0,8.78
931,transfer,DQN-ReLU-transfer-133,133,3,9.620000000000001
932,transfer,DQN-ReLU-transfer-133,133,2,8.7
933,transfer,DQN-ReLU-transfer-133,133,1,8.75
934,transfer,DQN-ReLU-transfer-133,133,4,6.07
935,transfer,DQN-ReLU-transfer-49,49,1,9.84
936,transfer,DQN-ReLU-transfer-49,49,3,9.879999999999999
937,transfer,DQN-ReLU-transfer-49,49,0,10.0
938,transfer,DQN-ReLU-transfer-49,49,2,9.99
939,transfer,DQN-ReLU-transfer-49,49,4,9.6
940,transfer,DQN-ReLU-vf5-transfer-98,98,4,9.780000000000001
941,transfer,DQN-ReLU-vf5-transfer-98,98,2,8.99
942,transfer,DQN-ReLU-vf5-transfer-98,98,3,9.69
943,transfer,DQN-ReLU-vf5-transfer-98,98,1,9.91
944,transfer,DQN-ReLU-vf5-transfer-98,98,0,9.56
945,transfer,DQN-ReLU-vf5-transfer-94,94,0,9.99
946,transfer,DQN-ReLU-vf5-transfer-94,94,4,9.89
947,transfer,DQN-ReLU-vf5-transfer-94,94,1,9.91
948,transfer,DQN-ReLU-vf5-transfer-94,94,3,10.0
949,transfer,DQN-ReLU-vf5-transfer-94,94,2,10.0
950,transfer,DQN-ReLU-vf5-transfer-116,116,2,9.879999999999999
951,transfer,DQN-ReLU-vf5-transfer-116,116,3,9.11
952,transfer,DQN-ReLU-vf5-transfer-116,116,0,9.99
953,transfer,DQN-ReLU-vf5-transfer-116,116,4,9.4
954,transfer,DQN-ReLU-vf5-transfer-116,116,1,9.02
955,transfer,DQN-ReLU-vf5-transfer-76,76,0,10.0
956,transfer,DQN-ReLU-vf5-transfer-76,76,4,9.7
957,transfer,DQN-ReLU-vf5-transfer-76,76,1,9.99
958,transfer,DQN-ReLU-vf5-transfer-76,76,2,9.91
959,transfer,DQN-ReLU-vf5-transfer-76,76,3,9.83
960,transfer,DQN-ReLU-transfer-44,44,1,9.95
961,transfer,DQN-ReLU-transfer-44,44,3,9.96
962,transfer,DQN-ReLU-transfer-44,44,2,9.879999999999999
963,transfer,DQN-ReLU-transfer-44,44,0,10.0
964,transfer,DQN-ReLU-transfer-44,44,4,9.96
965,transfer,DQN-ReLU-transfer-164,164,3,9.09
966,transfer,DQN-ReLU-transfer-164,164,0,8.43
967,transfer,DQN-ReLU-transfer-164,164,4,3.49
968,transfer,DQN-ReLU-transfer-164,164,1,7.35
969,transfer,DQN-ReLU-transfer-164,164,2,5.5
970,transfer,DQN-ReLU-transfer-45,45,2,2.7
971,transfer,DQN-ReLU-transfer-45,45,0,8.35
972,transfer,DQN-ReLU-transfer-45,45,1,9.99
973,transfer,DQN-ReLU-transfer-45,45,4,9.98
974,transfer,DQN-ReLU-transfer-45,45,3,9.97
975,transfer,DQN-ReLU-transfer-90,90,0,8.870000000000001
976,transfer,DQN-ReLU-transfer-90,90,3,8.219999999999999
977,transfer,DQN-ReLU-transfer-90,90,1,7.38
978,transfer,DQN-ReLU-transfer-90,90,4,6.37
979,transfer,DQN-ReLU-transfer-90,90,2,5.26
980,transfer,DQN-ReLU-vf5-transfer-121,121,1,9.99
981,transfer,DQN-ReLU-vf5-transfer-121,121,0,9.44
982,transfer,DQN-ReLU-vf5-transfer-121,121,2,9.05
983,transfer,DQN-ReLU-vf5-transfer-121,121,3,10.0
984,transfer,DQN-ReLU-vf5-transfer-121,121,4,7.29
985,transfer,DQN-ReLU-transfer-152,152,1,7.2
986,transfer,DQN-ReLU-transfer-152,152,0,8.469999999999999
987,transfer,DQN-ReLU-transfer-152,152,4,4.08
988,transfer,DQN-ReLU-transfer-152,152,2,6.58
989,transfer,DQN-ReLU-transfer-152,152,3,9.27
990,transfer,DQN-ReLU-transfer-73,73,1,8.18
991,transfer,DQN-ReLU-transfer-73,73,3,8.870000000000001
992,transfer,DQN-ReLU-transfer-73,73,4,9.74
993,transfer,DQN-ReLU-transfer-73,73,0,10.0
994,transfer,DQN-ReLU-transfer-73,73,2,9.35
995,transfer,DQN-ReLU-transfer-25,25,3,9.99
996,transfer,DQN-ReLU-transfer-25,25,2,9.99
997,transfer,DQN-ReLU-transfer-25,25,0,9.43
998,transfer,DQN-ReLU-transfer-25,25,1,10.0
999,transfer,DQN-ReLU-transfer-25,25,4,9.98
1000,transfer,DQN-ReLU-transfer-169,169,3,9.21
1001,transfer,DQN-ReLU-transfer-169,169,1,6.42
1002,transfer,DQN-ReLU-transfer-169,169,0,1.58
1003,transfer,DQN-ReLU-transfer-169,169,2,7.1899999999999995
1004,transfer,DQN-ReLU-transfer-169,169,4,1.83
1005,transfer,DQN-ReLU-vf5-transfer-6,6,3,8.24
1006,transfer,DQN-ReLU-vf5-transfer-6,6,1,10.0
1007,transfer,DQN-ReLU-vf5-transfer-6,6,4,10.0
1008,transfer,DQN-ReLU-vf5-transfer-6,6,0,8.31
1009,transfer,DQN-ReLU-vf5-transfer-6,6,2,9.99
1010,transfer,DQN-ReLU-transfer-132,132,3,7.0
1011,transfer,DQN-ReLU-transfer-132,132,0,8.95
1012,transfer,DQN-ReLU-transfer-132,132,2,6.16
1013,transfer,DQN-ReLU-transfer-132,132,1,6.720000000000001
1014,transfer,DQN-ReLU-transfer-132,132,4,8.39
1015,transfer,DQN-ReLU-transfer-48,48,1,9.9
1016,transfer,DQN-ReLU-transfer-48,48,4,9.969999999999999
1017,transfer,DQN-ReLU-transfer-48,48,3,9.99
1018,transfer,DQN-ReLU-transfer-48,48,2,9.92
1019,transfer,DQN-ReLU-transfer-48,48,0,10.0
1020,transfer,DQN-ReLU-vf5-transfer-82,82,4,9.25
1021,transfer,DQN-ReLU-vf5-transfer-82,82,2,9.41
1022,transfer,DQN-ReLU-vf5-transfer-82,82,3,9.530000000000001
1023,transfer,DQN-ReLU-vf5-transfer-82,82,1,9.25
1024,transfer,DQN-ReLU-vf5-transfer-82,82,0,10.0
1025,transfer,DQN-ReLU-vf5-transfer-95,95,0,9.3
1026,transfer,DQN-ReLU-vf5-transfer-95,95,2,8.870000000000001
1027,transfer,DQN-ReLU-vf5-transfer-95,95,1,8.879999999999999
1028,transfer,DQN-ReLU-vf5-transfer-95,95,3,9.93
1029,transfer,DQN-ReLU-vf5-transfer-95,95,4,9.219999999999999
1030,transfer,DQN-ReLU-vf5-transfer-77,77,4,9.219999999999999
1031,transfer,DQN-ReLU-vf5-transfer-77,77,0,9.969999999999999
1032,transfer,DQN-ReLU-vf5-transfer-77,77,1,9.95
1033,transfer,DQN-ReLU-vf5-transfer-77,77,3,9.96
1034,transfer,DQN-ReLU-vf5-transfer-77,77,2,9.3
1035,transfer,DQN-ReLU-transfer-8,8,4,10.0
1036,transfer,DQN-ReLU-transfer-8,8,3,10.0
1037,transfer,DQN-ReLU-transfer-8,8,2,9.969999999999999
1038,transfer,DQN-ReLU-transfer-8,8,1,9.99
1039,transfer,DQN-ReLU-transfer-8,8,0,10.0
1040,transfer,DQN-ReLU-transfer-168,168,1,6.46
1041,transfer,DQN-ReLU-transfer-168,168,4,1.6199999999999999
1042,transfer,DQN-ReLU-transfer-168,168,3,8.57
1043,transfer,DQN-ReLU-transfer-168,168,0,8.11
1044,transfer,DQN-ReLU-transfer-168,168,2,3.8600000000000003
1045,transfer,DQN-ReLU-transfer-109,109,4,9.77
1046,transfer,DQN-ReLU-transfer-109,109,0,9.52
1047,transfer,DQN-ReLU-transfer-109,109,1,9.18
1048,transfer,DQN-ReLU-transfer-109,109,3,9.74
1049,transfer,DQN-ReLU-transfer-109,109,2,9.15
1050,transfer,DQN-ReLU-transfer-145,145,3,9.1
1051,transfer,DQN-ReLU-transfer-145,145,0,9.5
1052,transfer,DQN-ReLU-transfer-145,145,1,9.2
1053,transfer,DQN-ReLU-transfer-145,145,4,8.85
1054,transfer,DQN-ReLU-transfer-145,145,2,8.73
1055,transfer,DQN-ReLU-vf5-transfer-120,120,4,9.93
1056,transfer,DQN-ReLU-vf5-transfer-120,120,1,10.0
1057,transfer,DQN-ReLU-vf5-transfer-120,120,2,9.33
1058,transfer,DQN-ReLU-vf5-transfer-120,120,0,9.65
1059,transfer,DQN-ReLU-vf5-transfer-120,120,3,9.99
1060,transfer,DQN-ReLU-transfer-91,91,0,9.9
1061,transfer,DQN-ReLU-transfer-91,91,4,9.02
1062,transfer,DQN-ReLU-transfer-91,91,1,9.83
1063,transfer,DQN-ReLU-transfer-91,91,3,7.66
1064,transfer,DQN-ReLU-transfer-91,91,2,9.7
1065,transfer,DQN-ReLU-transfer-4,4,0,10.0
1066,transfer,DQN-ReLU-transfer-4,4,3,9.99
1067,transfer,DQN-ReLU-transfer-4,4,2,10.0
1068,transfer,DQN-ReLU-transfer-4,4,4,9.99
1069,transfer,DQN-ReLU-transfer-4,4,1,10.0
1070,transfer,DQN-ReLU-transfer-65,65,2,5.15
1071,transfer,DQN-ReLU-transfer-65,65,1,8.98
1072,transfer,DQN-ReLU-transfer-65,65,0,9.030000000000001
1073,transfer,DQN-ReLU-transfer-65,65,4,9.04
1074,transfer,DQN-ReLU-transfer-65,65,3,8.4
1075,transfer,DQN-ReLU-vf5-transfer-16,16,3,9.969999999999999
1076,transfer,DQN-ReLU-vf5-transfer-16,16,2,9.58
1077,transfer,DQN-ReLU-vf5-transfer-16,16,1,10.0
1078,transfer,DQN-ReLU-vf5-transfer-16,16,4,9.95
1079,transfer,DQN-ReLU-vf5-transfer-16,16,0,9.89
1080,transfer,DQN-ReLU-vf5-transfer-157,157,0,8.969999999999999
1081,transfer,DQN-ReLU-vf5-transfer-157,157,4,9.9
1082,transfer,DQN-ReLU-vf5-transfer-157,157,3,10.0
1083,transfer,DQN-ReLU-vf5-transfer-157,157,1,9.99
1084,transfer,DQN-ReLU-vf5-transfer-157,157,2,9.07
1085,transfer,DQN-ReLU-transfer-69,69,2,9.96
1086,transfer,DQN-ReLU-transfer-69,69,4,9.969999999999999
1087,transfer,DQN-ReLU-transfer-69,69,1,9.77
1088,transfer,DQN-ReLU-transfer-69,69,0,9.91
1089,transfer,DQN-ReLU-transfer-69,69,3,9.99
1090,transfer,DQN-ReLU-vf5-transfer-21,21,3,9.95
1091,transfer,DQN-ReLU-vf5-transfer-21,21,4,9.07
1092,transfer,DQN-ReLU-vf5-transfer-21,21,1,9.66
1093,transfer,DQN-ReLU-vf5-transfer-21,21,0,9.95
1094,transfer,DQN-ReLU-vf5-transfer-21,21,2,9.96
1095,transfer,DQN-ReLU-transfer-105,105,3,5.209999999999999
1096,transfer,DQN-ReLU-transfer-105,105,4,2.35
1097,transfer,DQN-ReLU-transfer-105,105,1,5.24
1098,transfer,DQN-ReLU-transfer-105,105,2,0.5700000000000001
1099,transfer,DQN-ReLU-transfer-105,105,0,8.27
1100,transfer,DQN-ReLU-transfer-33,33,4,9.9
1101,transfer,DQN-ReLU-transfer-33,33,1,10.0
1102,transfer,DQN-ReLU-transfer-33,33,2,9.98
1103,transfer,DQN-ReLU-transfer-33,33,3,10.0
1104,transfer,DQN-ReLU-transfer-33,33,0,10.0
1105,transfer,DQN-ReLU-transfer-124,124,4,1.9200000000000002
1106,transfer,DQN-ReLU-transfer-124,124,1,6.21
1107,transfer,DQN-ReLU-transfer-124,124,0,8.620000000000001
1108,transfer,DQN-ReLU-transfer-124,124,3,9.18
1109,transfer,DQN-ReLU-transfer-124,124,2,8.13
1110,transfer,DQN-ReLU-transfer-149,149,0,8.94
1111,transfer,DQN-ReLU-transfer-149,149,3,9.2
1112,transfer,DQN-ReLU-transfer-149,149,4,2.0600000000000005
1113,transfer,DQN-ReLU-transfer-149,149,2,7.5
1114,transfer,DQN-ReLU-transfer-149,149,1,8.620000000000001
1115,transfer,DQN-ReLU-transfer-12,12,2,10.0
1116,transfer,DQN-ReLU-transfer-12,12,1,10.0
1117,transfer,DQN-ReLU-transfer-12,12,0,10.0
1118,transfer,DQN-ReLU-transfer-12,12,4,10.0
1119,transfer,DQN-ReLU-transfer-12,12,3,10.0
1120,transfer,DQN-ReLU-transfer-113,113,0,3.76
1121,transfer,DQN-ReLU-transfer-113,113,2,7.35
1122,transfer,DQN-ReLU-transfer-113,113,3,6.71
1123,transfer,DQN-ReLU-transfer-113,113,1,9.120000000000001
1124,transfer,DQN-ReLU-transfer-113,113,4,8.27
1125,transfer,DQN-ReLU-vf5-transfer-101,101,4,9.21
1126,transfer,DQN-ReLU-vf5-transfer-101,101,1,9.870000000000001
1127,transfer,DQN-ReLU-vf5-transfer-101,101,3,9.99
1128,transfer,DQN-ReLU-vf5-transfer-101,101,0,9.9
1129,transfer,DQN-ReLU-vf5-transfer-101,101,2,9.48
1130,transfer,DQN-ReLU-vf5-transfer-56,56,1,8.22
1131,transfer,DQN-ReLU-vf5-transfer-56,56,3,10.0
1132,transfer,DQN-ReLU-vf5-transfer-56,56,2,9.16
1133,transfer,DQN-ReLU-vf5-transfer-56,56,4,9.879999999999999
1134,transfer,DQN-ReLU-vf5-transfer-56,56,0,9.39
1135,transfer,DQN-ReLU-transfer-29,29,4,9.99
1136,transfer,DQN-ReLU-transfer-29,29,3,9.969999999999999
1137,transfer,DQN-ReLU-transfer-29,29,1,10.0
1138,transfer,DQN-ReLU-transfer-29,29,2,9.969999999999999
1139,transfer,DQN-ReLU-transfer-29,29,0,10.0
1140,transfer,DQN-ReLU-vf5-transfer-37,37,4,8.16
1141,transfer,DQN-ReLU-vf5-transfer-37,37,3,10.0
1142,transfer,DQN-ReLU-vf5-transfer-37,37,2,9.99
1143,transfer,DQN-ReLU-vf5-transfer-37,37,0,10.0
1144,transfer,DQN-ReLU-vf5-transfer-37,37,1,9.120000000000001
1145,transfer,DQN-ReLU-transfer-128,128,4,9.43
1146,transfer,DQN-ReLU-transfer-128,128,0,9.68
1147,transfer,DQN-ReLU-transfer-128,128,3,9.66
1148,transfer,DQN-ReLU-transfer-128,128,2,9.870000000000001
1149,transfer,DQN-ReLU-transfer-128,128,1,9.74
1150,transfer,DQN-ReLU-vf5-transfer-160,160,4,9.35
1151,transfer,DQN-ReLU-vf5-transfer-160,160,3,9.58
1152,transfer,DQN-ReLU-vf5-transfer-160,160,0,8.33
1153,transfer,DQN-ReLU-vf5-transfer-160,160,1,9.15
1154,transfer,DQN-ReLU-vf5-transfer-160,160,2,9.06
1155,transfer,DQN-ReLU-vf5-transfer-83,83,4,9.21
1156,transfer,DQN-ReLU-vf5-transfer-83,83,0,9.530000000000001
1157,transfer,DQN-ReLU-vf5-transfer-83,83,1,9.969999999999999
1158,transfer,DQN-ReLU-vf5-transfer-83,83,3,10.0
1159,transfer,DQN-ReLU-vf5-transfer-83,83,2,9.94
1160,transfer,DQN-ReLU-transfer-86,86,2,1.14
1161,transfer,DQN-ReLU-transfer-86,86,0,9.2
1162,transfer,DQN-ReLU-transfer-86,86,4,1.9299999999999997
1163,transfer,DQN-ReLU-transfer-86,86,1,7.04
1164,transfer,DQN-ReLU-transfer-86,86,3,6.92
1165,transfer,DQN-ReLU-vf5-transfer-61,61,0,9.15
1166,transfer,DQN-ReLU-vf5-transfer-61,61,4,9.98
1167,transfer,DQN-ReLU-vf5-transfer-61,61,3,10.0
1168,transfer,DQN-ReLU-vf5-transfer-61,61,2,9.879999999999999
1169,transfer,DQN-ReLU-vf5-transfer-61,61,1,10.0
1170,transfer,DQN-ReLU-vf5-transfer-141,141,0,9.46
1171,transfer,DQN-ReLU-vf5-transfer-141,141,3,10.0
1172,transfer,DQN-ReLU-vf5-transfer-141,141,1,10.0
1173,transfer,DQN-ReLU-vf5-transfer-141,141,2,10.0
1174,transfer,DQN-ReLU-vf5-transfer-141,141,4,9.94
1175,transfer,DQN-ReLU-transfer-52,52,1,9.879999999999999
1176,transfer,DQN-ReLU-transfer-52,52,2,9.86
1177,transfer,DQN-ReLU-transfer-52,52,4,9.95
1178,transfer,DQN-ReLU-transfer-52,52,0,9.9
1179,transfer,DQN-ReLU-transfer-52,52,3,9.83
1180,transfer,DQN-ReLU-transfer-64,64,4,9.45
1181,transfer,DQN-ReLU-transfer-64,64,2,6.07
1182,transfer,DQN-ReLU-transfer-64,64,0,9.93
1183,transfer,DQN-ReLU-transfer-64,64,1,9.16
1184,transfer,DQN-ReLU-transfer-64,64,3,8.92
1185,transfer,DQN-ReLU-vf5-transfer-57,57,4,9.58
1186,transfer,DQN-ReLU-vf5-transfer-57,57,0,8.64
1187,transfer,DQN-ReLU-vf5-transfer-57,57,1,9.99
1188,transfer,DQN-ReLU-vf5-transfer-57,57,2,9.71
1189,transfer,DQN-ReLU-vf5-transfer-57,57,3,10.0
1190,transfer,DQN-ReLU-vf5-transfer-137,137,4,9.8
1191,transfer,DQN-ReLU-vf5-transfer-137,137,2,9.21
1192,transfer,DQN-ReLU-vf5-transfer-137,137,3,9.98
1193,transfer,DQN-ReLU-vf5-transfer-137,137,1,7.5
1194,transfer,DQN-ReLU-vf5-transfer-137,137,0,9.68
1195,transfer,DQN-ReLU-vf5-transfer-156,156,0,9.780000000000001
1196,transfer,DQN-ReLU-vf5-transfer-156,156,1,8.99
1197,transfer,DQN-ReLU-vf5-transfer-156,156,4,9.06
1198,transfer,DQN-ReLU-vf5-transfer-156,156,2,9.61
1199,transfer,DQN-ReLU-vf5-transfer-156,156,3,9.96
1200,transfer,DQN-ReLU-transfer-144,144,0,8.91
1201,transfer,DQN-ReLU-transfer-144,144,1,8.469999999999999
1202,transfer,DQN-ReLU-transfer-144,144,2,8.44
1203,transfer,DQN-ReLU-transfer-144,144,3,9.219999999999999
1204,transfer,DQN-ReLU-transfer-144,144,4,6.800000000000001
1205,transfer,DQN-ReLU-transfer-32,32,3,10.0
1206,transfer,DQN-ReLU-transfer-32,32,1,10.0
1207,transfer,DQN-ReLU-transfer-32,32,0,9.11
1208,transfer,DQN-ReLU-transfer-32,32,4,9.969999999999999
1209,transfer,DQN-ReLU-transfer-32,32,2,9.96
1210,transfer,DQN-ReLU-transfer-22,22,1,10.0
1211,transfer,DQN-ReLU-transfer-22,22,4,10.0
1212,transfer,DQN-ReLU-transfer-22,22,3,9.99
1213,transfer,DQN-ReLU-transfer-22,22,0,10.0
1214,transfer,DQN-ReLU-transfer-22,22,2,9.99
1215,transfer,DQN-ReLU-transfer-129,129,3,9.06
1216,transfer,DQN-ReLU-transfer-129,129,0,8.47
1217,transfer,DQN-ReLU-transfer-129,129,4,7.66
1218,transfer,DQN-ReLU-transfer-129,129,2,7.06
1219,transfer,DQN-ReLU-transfer-129,129,1,8.89
1220,transfer,DQN-ReLU-transfer-148,148,4,7.3100000000000005
1221,transfer,DQN-ReLU-transfer-148,148,3,9.14
1222,transfer,DQN-ReLU-transfer-148,148,2,8.120000000000001
1223,transfer,DQN-ReLU-transfer-148,148,0,1.1700000000000002
1224,transfer,DQN-ReLU-transfer-148,148,1,7.220000000000001
1225,transfer,DQN-ReLU-vf5-transfer-136,136,4,9.76
1226,transfer,DQN-ReLU-vf5-transfer-136,136,1,8.14
1227,transfer,DQN-ReLU-vf5-transfer-136,136,0,9.89
1228,transfer,DQN-ReLU-vf5-transfer-136,136,3,9.94
1229,transfer,DQN-ReLU-vf5-transfer-136,136,2,9.02
1230,transfer,DQN-ReLU-transfer-53,53,4,9.71
1231,transfer,DQN-ReLU-transfer-53,53,2,9.17
1232,transfer,DQN-ReLU-transfer-53,53,3,9.29
1233,transfer,DQN-ReLU-transfer-53,53,1,9.76
1234,transfer,DQN-ReLU-transfer-53,53,0,9.96
1235,transfer,DQN-ReLU-transfer-68,68,1,9.25
1236,transfer,DQN-ReLU-transfer-68,68,2,9.32
1237,transfer,DQN-ReLU-transfer-68,68,0,9.93
1238,transfer,DQN-ReLU-transfer-68,68,4,9.02
1239,transfer,DQN-ReLU-transfer-68,68,3,9.46
1240,transfer,DQN-ReLU-vf5-transfer-36,36,4,10.0
1241,transfer,DQN-ReLU-vf5-transfer-36,36,1,10.0
1242,transfer,DQN-ReLU-vf5-transfer-36,36,2,10.0
1243,transfer,DQN-ReLU-vf5-transfer-36,36,0,9.04
1244,transfer,DQN-ReLU-vf5-transfer-36,36,3,10.0
1245,transfer,DQN-ReLU-transfer-112,112,2,1.84
1246,transfer,DQN-ReLU-transfer-112,112,1,8.440000000000001
1247,transfer,DQN-ReLU-transfer-112,112,4,5.38
1248,transfer,DQN-ReLU-transfer-112,112,3,7.84
1249,transfer,DQN-ReLU-transfer-112,112,0,8.54
1250,transfer,DQN-ReLU-vf5-transfer-17,17,0,10.0
1251,transfer,DQN-ReLU-vf5-transfer-17,17,2,10.0
1252,transfer,DQN-ReLU-vf5-transfer-17,17,3,10.0
1253,transfer,DQN-ReLU-vf5-transfer-17,17,4,10.0
1254,transfer,DQN-ReLU-vf5-transfer-17,17,1,10.0
1255,transfer,DQN-ReLU-vf5-transfer-60,60,4,10.0
1256,transfer,DQN-ReLU-vf5-transfer-60,60,1,10.0
1257,transfer,DQN-ReLU-vf5-transfer-60,60,0,9.629999999999999
1258,transfer,DQN-ReLU-vf5-transfer-60,60,3,10.0
1259,transfer,DQN-ReLU-vf5-transfer-60,60,2,9.96
1260,transfer,DQN-ReLU-vf5-transfer-26,26,1,9.43
1261,transfer,DQN-ReLU-vf5-transfer-26,26,3,9.969999999999999
1262,transfer,DQN-ReLU-vf5-transfer-26,26,0,10.0
1263,transfer,DQN-ReLU-vf5-transfer-26,26,4,10.0
1264,transfer,DQN-ReLU-vf5-transfer-26,26,2,10.0
1265,transfer,DQN-ReLU-transfer-125,125,1,6.62
1266,transfer,DQN-ReLU-transfer-125,125,0,7.08
1267,transfer,DQN-ReLU-transfer-125,125,4,1.8199999999999998
1268,transfer,DQN-ReLU-transfer-125,125,2,0.9600000000000001
1269,transfer,DQN-ReLU-transfer-125,125,3,7.3
1270,transfer,DQN-ReLU-transfer-24,24,0,10.0
1271,transfer,DQN-ReLU-transfer-24,24,2,9.98
1272,transfer,DQN-ReLU-transfer-24,24,4,9.95
1273,transfer,DQN-ReLU-transfer-24,24,1,10.0
1274,transfer,DQN-ReLU-transfer-24,24,3,9.98
1275,transfer,DQN-ReLU-vf5-transfer--1,-1,3,9.64
1276,transfer,DQN-ReLU-vf5-transfer--1,-1,2,9.5
1277,transfer,DQN-ReLU-vf5-transfer--1,-1,4,9.99
1278,transfer,DQN-ReLU-vf5-transfer--1,-1,1,9.969999999999999
1279,transfer,DQN-ReLU-vf5-transfer--1,-1,0,9.96
1280,transfer,DQN-ReLU-vf5-transfer-100,100,0,9.16
1281,transfer,DQN-ReLU-vf5-transfer-100,100,4,9.04
1282,transfer,DQN-ReLU-vf5-transfer-100,100,3,9.56
1283,transfer,DQN-ReLU-vf5-transfer-100,100,2,9.08
1284,transfer,DQN-ReLU-vf5-transfer-100,100,1,9.2
1285,transfer,DQN-ReLU-vf5-transfer-71,71,0,10.0
1286,transfer,DQN-ReLU-vf5-transfer-71,71,4,10.0
1287,transfer,DQN-ReLU-vf5-transfer-71,71,3,10.0
1288,transfer,DQN-ReLU-vf5-transfer-71,71,1,10.0
1289,transfer,DQN-ReLU-vf5-transfer-71,71,2,9.33
1290,transfer,DQN-ReLU-vf5-transfer-99,99,2,9.98
1291,transfer,DQN-ReLU-vf5-transfer-99,99,4,9.370000000000001
1292,transfer,DQN-ReLU-vf5-transfer-99,99,3,9.11
1293,transfer,DQN-ReLU-vf5-transfer-99,99,0,9.3
1294,transfer,DQN-ReLU-vf5-transfer-99,99,1,9.49
1295,transfer,DQN-ReLU-transfer-13,13,2,9.96
1296,transfer,DQN-ReLU-transfer-13,13,4,10.0
1297,transfer,DQN-ReLU-transfer-13,13,1,10.0
1298,transfer,DQN-ReLU-transfer-13,13,3,10.0
1299,transfer,DQN-ReLU-transfer-13,13,0,10.0
1300,transfer,DQN-ReLU-vf5-transfer-170,170,4,9.29
1301,transfer,DQN-ReLU-vf5-transfer-170,170,3,10.0
1302,transfer,DQN-ReLU-vf5-transfer-170,170,1,9.08
1303,transfer,DQN-ReLU-vf5-transfer-170,170,0,9.93
1304,transfer,DQN-ReLU-vf5-transfer-170,170,2,8.17
1305,transfer,DQN-ReLU-vf5-transfer-161,161,4,9.98
1306,transfer,DQN-ReLU-vf5-transfer-161,161,2,8.2
1307,transfer,DQN-ReLU-vf5-transfer-161,161,3,10.0
1308,transfer,DQN-ReLU-vf5-transfer-161,161,0,9.36
1309,transfer,DQN-ReLU-vf5-transfer-161,161,1,9.93
1310,transfer,DQN-ReLU-transfer-75,75,1,9.4
1311,transfer,DQN-ReLU-transfer-75,75,3,9.04
1312,transfer,DQN-ReLU-transfer-75,75,4,9.05
1313,transfer,DQN-ReLU-transfer-75,75,0,10.0
1314,transfer,DQN-ReLU-transfer-75,75,2,9.379999999999999
1315,transfer,DQN-ReLU-vf5-transfer-111,111,4,2.53
1316,transfer,DQN-ReLU-vf5-transfer-111,111,0,7.539999999999999
1317,transfer,DQN-ReLU-vf5-transfer-111,111,3,9.79
1318,transfer,DQN-ReLU-vf5-transfer-111,111,1,9.98
1319,transfer,DQN-ReLU-vf5-transfer-111,111,2,7.140000000000001
1320,transfer,DQN-ReLU-transfer-87,87,2,10.0
1321,transfer,DQN-ReLU-transfer-87,87,3,9.969999999999999
1322,transfer,DQN-ReLU-transfer-87,87,0,9.99
1323,transfer,DQN-ReLU-transfer-87,87,4,9.940000000000001
1324,transfer,DQN-ReLU-transfer-87,87,1,9.94
1325,transfer,DQN-ReLU-vf5-transfer-88,88,4,9.64
1326,transfer,DQN-ReLU-vf5-transfer-88,88,2,9.21
1327,transfer,DQN-ReLU-vf5-transfer-88,88,3,10.0
1328,transfer,DQN-ReLU-vf5-transfer-88,88,1,9.85
1329,transfer,DQN-ReLU-vf5-transfer-88,88,0,10.0
1330,transfer,DQN-ReLU-transfer-43,43,0,9.33
1331,transfer,DQN-ReLU-transfer-43,43,2,9.79
1332,transfer,DQN-ReLU-transfer-43,43,4,9.96
1333,transfer,DQN-ReLU-transfer-43,43,1,9.98
1334,transfer,DQN-ReLU-transfer-43,43,3,9.65
1335,transfer,DQN-ReLU-transfer-9,9,2,10.0
1336,transfer,DQN-ReLU-transfer-9,9,0,10.0
1337,transfer,DQN-ReLU-transfer-9,9,1,10.0
1338,transfer,DQN-ReLU-transfer-9,9,4,10.0
1339,transfer,DQN-ReLU-transfer-9,9,3,10.0
1340,transfer,DQN-ReLU-transfer-96,96,2,1.41
1341,transfer,DQN-ReLU-transfer-96,96,3,1.4600000000000002
1342,transfer,DQN-ReLU-transfer-96,96,4,1.8
1343,transfer,DQN-ReLU-transfer-96,96,1,8.01
1344,transfer,DQN-ReLU-transfer-96,96,0,8.71
1345,transfer,DQN-ReLU-transfer-2,2,4,10.0
1346,transfer,DQN-ReLU-transfer-2,2,1,10.0
1347,transfer,DQN-ReLU-transfer-2,2,2,10.0
1348,transfer,DQN-ReLU-transfer-2,2,3,10.0
1349,transfer,DQN-ReLU-transfer-2,2,0,10.0
1350,transfer,DQN-ReLU-transfer-159,159,3,9.61
1351,transfer,DQN-ReLU-transfer-159,159,0,9.370000000000001
1352,transfer,DQN-ReLU-transfer-159,159,1,9.18
1353,transfer,DQN-ReLU-transfer-159,159,2,9.02
1354,transfer,DQN-ReLU-transfer-159,159,4,9.1
1355,transfer,DQN-ReLU-vf5-transfer-46,46,4,9.879999999999999
1356,transfer,DQN-ReLU-vf5-transfer-46,46,3,10.0
1357,transfer,DQN-ReLU-vf5-transfer-46,46,2,9.15
1358,transfer,DQN-ReLU-vf5-transfer-46,46,1,10.0
1359,transfer,DQN-ReLU-vf5-transfer-46,46,0,9.99
1360,transfer,DQN-ReLU-transfer-154,154,1,7.12
1361,transfer,DQN-ReLU-transfer-154,154,2,7.279999999999999
1362,transfer,DQN-ReLU-transfer-154,154,0,4.0
1363,transfer,DQN-ReLU-transfer-154,154,3,8.89
1364,transfer,DQN-ReLU-transfer-154,154,4,1.99
1365,transfer,DQN-ReLU-transfer-135,135,1,3.84
1366,transfer,DQN-ReLU-transfer-135,135,0,7.68
1367,transfer,DQN-ReLU-transfer-135,135,4,3.5900000000000003
1368,transfer,DQN-ReLU-transfer-135,135,2,4.69
1369,transfer,DQN-ReLU-transfer-135,135,3,7.9
1370,transfer,DQN-ReLU-vf5-transfer-10,10,3,9.85
1371,transfer,DQN-ReLU-vf5-transfer-10,10,0,10.0
1372,transfer,DQN-ReLU-vf5-transfer-10,10,2,9.96
1373,transfer,DQN-ReLU-vf5-transfer-10,10,4,9.69
1374,transfer,DQN-ReLU-vf5-transfer-10,10,1,10.0
1375,transfer,DQN-ReLU-transfer-63,63,2,9.3
1376,transfer,DQN-ReLU-transfer-63,63,0,9.98
1377,transfer,DQN-ReLU-transfer-63,63,1,9.89
1378,transfer,DQN-ReLU-transfer-63,63,3,8.83
1379,transfer,DQN-ReLU-transfer-63,63,4,9.620000000000001
1380,transfer,DQN-ReLU-vf5-transfer-166,166,4,9.01
1381,transfer,DQN-ReLU-vf5-transfer-166,166,2,9.44
1382,transfer,DQN-ReLU-vf5-transfer-166,166,3,9.35
1383,transfer,DQN-ReLU-vf5-transfer-166,166,1,8.99
1384,transfer,DQN-ReLU-vf5-transfer-166,166,0,9.93
1385,transfer,DQN-ReLU-vf5-transfer-107,107,4,9.969999999999999
1386,transfer,DQN-ReLU-vf5-transfer-107,107,0,9.95
1387,transfer,DQN-ReLU-vf5-transfer-107,107,3,10.0
1388,transfer,DQN-ReLU-vf5-transfer-107,107,2,10.0
1389,transfer,DQN-ReLU-vf5-transfer-107,107,1,10.0
1390,transfer,DQN-ReLU-transfer-74,74,1,8.48
1391,transfer,DQN-ReLU-transfer-74,74,2,7.709999999999999
1392,transfer,DQN-ReLU-transfer-74,74,0,9.36
1393,transfer,DQN-ReLU-transfer-74,74,3,8.34
1394,transfer,DQN-ReLU-transfer-74,74,4,8.48
1395,transfer,DQN-ReLU-transfer-42,42,2,9.96
1396,transfer,DQN-ReLU-transfer-42,42,1,9.98
1397,transfer,DQN-ReLU-transfer-42,42,3,8.98
1398,transfer,DQN-ReLU-transfer-42,42,0,9.54
1399,transfer,DQN-ReLU-transfer-42,42,4,9.93
1400,transfer,DQN-ReLU-transfer-78,78,4,9.98
1401,transfer,DQN-ReLU-transfer-78,78,3,9.71
1402,transfer,DQN-ReLU-transfer-78,78,2,9.629999999999999
1403,transfer,DQN-ReLU-transfer-78,78,1,9.95
1404,transfer,DQN-ReLU-transfer-78,78,0,8.5
1405,transfer,DQN-ReLU-transfer-14,14,2,9.99
1406,transfer,DQN-ReLU-transfer-14,14,3,10.0
1407,transfer,DQN-ReLU-transfer-14,14,1,10.0
1408,transfer,DQN-ReLU-transfer-14,14,4,9.99
1409,transfer,DQN-ReLU-transfer-14,14,0,9.99
1410,transfer,DQN-ReLU-transfer-19,19,4,9.85
1411,transfer,DQN-ReLU-transfer-19,19,3,9.84
1412,transfer,DQN-ReLU-transfer-19,19,2,9.96
1413,transfer,DQN-ReLU-transfer-19,19,1,9.8
1414,transfer,DQN-ReLU-transfer-19,19,0,9.99
1415,transfer,DQN-ReLU-transfer-122,122,2,9.05
1416,transfer,DQN-ReLU-transfer-122,122,3,9.379999999999999
1417,transfer,DQN-ReLU-transfer-122,122,0,9.27
1418,transfer,DQN-ReLU-transfer-122,122,4,8.1
1419,transfer,DQN-ReLU-transfer-122,122,1,7.26
1420,transfer,DQN-ReLU-vf5-transfer-67,67,0,10.0
1421,transfer,DQN-ReLU-vf5-transfer-67,67,4,9.8
1422,transfer,DQN-ReLU-vf5-transfer-67,67,2,9.99
1423,transfer,DQN-ReLU-vf5-transfer-67,67,1,10.0
1424,transfer,DQN-ReLU-vf5-transfer-67,67,3,9.96
1425,transfer,DQN-ReLU-transfer-143,143,3,9.33
1426,transfer,DQN-ReLU-transfer-143,143,2,9.370000000000001
1427,transfer,DQN-ReLU-transfer-143,143,0,9.370000000000001
1428,transfer,DQN-ReLU-transfer-143,143,1,8.77
1429,transfer,DQN-ReLU-transfer-143,143,4,8.25
1430,transfer,DQN-ReLU-vf5-transfer-0,0,1,10.0
1431,transfer,DQN-ReLU-vf5-transfer-0,0,4,10.0
1432,transfer,DQN-ReLU-vf5-transfer-0,0,2,9.99
1433,transfer,DQN-ReLU-vf5-transfer-0,0,3,9.81
1434,transfer,DQN-ReLU-vf5-transfer-0,0,0,9.79
1435,transfer,DQN-ReLU-transfer-158,158,3,9.24
1436,transfer,DQN-ReLU-transfer-158,158,0,9.18
1437,transfer,DQN-ReLU-transfer-158,158,1,7.95
1438,transfer,DQN-ReLU-transfer-158,158,4,8.34
1439,transfer,DQN-ReLU-transfer-158,158,2,8.83
1440,transfer,DQN-ReLU-vf5-transfer-171,171,4,9.05
1441,transfer,DQN-ReLU-vf5-transfer-171,171,1,9.31
1442,transfer,DQN-ReLU-vf5-transfer-171,171,3,9.24
1443,transfer,DQN-ReLU-vf5-transfer-171,171,0,9.14
1444,transfer,DQN-ReLU-vf5-transfer-171,171,2,9.06
1445,transfer,DQN-ReLU-transfer-138,138,2,2.8800000000000003
1446,transfer,DQN-ReLU-transfer-138,138,4,4.369999999999999
1447,transfer,DQN-ReLU-transfer-138,138,1,5.65
1448,transfer,DQN-ReLU-transfer-138,138,3,4.890000000000001
1449,transfer,DQN-ReLU-transfer-138,138,0,7.84
1450,transfer,DQN-ReLU-transfer-59,59,2,0.63
1451,transfer,DQN-ReLU-transfer-59,59,0,9.65
1452,transfer,DQN-ReLU-transfer-59,59,1,8.48
1453,transfer,DQN-ReLU-transfer-59,59,3,7.83
1454,transfer,DQN-ReLU-transfer-59,59,4,8.16
1455,transfer,DQN-ReLU-transfer-34,34,1,10.0
1456,transfer,DQN-ReLU-transfer-34,34,4,9.26
1457,transfer,DQN-ReLU-transfer-34,34,2,9.32
1458,transfer,DQN-ReLU-transfer-34,34,3,10.0
1459,transfer,DQN-ReLU-transfer-34,34,0,9.93
1460,transfer,DQN-ReLU-vf5-transfer-110,110,4,9.83
1461,transfer,DQN-ReLU-vf5-transfer-110,110,0,9.66
1462,transfer,DQN-ReLU-vf5-transfer-110,110,1,9.14
1463,transfer,DQN-ReLU-vf5-transfer-110,110,3,9.969999999999999
1464,transfer,DQN-ReLU-vf5-transfer-110,110,2,9.129999999999999
1465,transfer,DQN-ReLU-vf5-transfer-84,84,3,9.24
1466,transfer,DQN-ReLU-vf5-transfer-84,84,0,9.14
1467,transfer,DQN-ReLU-vf5-transfer-84,84,4,9.77
1468,transfer,DQN-ReLU-vf5-transfer-84,84,1,8.96
1469,transfer,DQN-ReLU-vf5-transfer-84,84,2,10.0
1470,transfer,DQN-ReLU-transfer-115,115,4,1.2
1471,transfer,DQN-ReLU-transfer-115,115,1,7.82
1472,transfer,DQN-ReLU-transfer-115,115,2,5.24
1473,transfer,DQN-ReLU-transfer-115,115,0,8.59
1474,transfer,DQN-ReLU-transfer-115,115,3,8.36
1475,transfer,DQN-ReLU-vf5-transfer-70,70,4,9.92
1476,transfer,DQN-ReLU-vf5-transfer-70,70,1,9.19
1477,transfer,DQN-ReLU-vf5-transfer-70,70,2,9.85
1478,transfer,DQN-ReLU-vf5-transfer-70,70,0,10.0
1479,transfer,DQN-ReLU-vf5-transfer-70,70,3,9.98
1480,transfer,DQN-ReLU-transfer-118,118,1,7.359999999999999
1481,transfer,DQN-ReLU-transfer-118,118,4,7.29
1482,transfer,DQN-ReLU-transfer-118,118,3,8.39
1483,transfer,DQN-ReLU-transfer-118,118,2,5.82
1484,transfer,DQN-ReLU-transfer-118,118,0,8.530000000000001
1485,transfer,DQN-ReLU-vf5-transfer-126,126,1,9.99
1486,transfer,DQN-ReLU-vf5-transfer-126,126,4,9.24
1487,transfer,DQN-ReLU-vf5-transfer-126,126,3,9.32
1488,transfer,DQN-ReLU-vf5-transfer-126,126,2,10.0
1489,transfer,DQN-ReLU-vf5-transfer-126,126,0,10.0
1490,transfer,DQN-ReLU-vf5-transfer-131,131,4,9.84
1491,transfer,DQN-ReLU-vf5-transfer-131,131,0,10.0
1492,transfer,DQN-ReLU-vf5-transfer-131,131,2,8.280000000000001
1493,transfer,DQN-ReLU-vf5-transfer-131,131,3,9.91
1494,transfer,DQN-ReLU-vf5-transfer-131,131,1,10.0
1495,transfer,DQN-ReLU-vf5-transfer-51,51,1,10.0
1496,transfer,DQN-ReLU-vf5-transfer-51,51,4,10.0
1497,transfer,DQN-ReLU-vf5-transfer-51,51,0,10.0
1498,transfer,DQN-ReLU-vf5-transfer-51,51,3,10.0
1499,transfer,DQN-ReLU-vf5-transfer-51,51,2,10.0
1500,transfer,DQN-ReLU-transfer-97,97,1,8.98
1501,transfer,DQN-ReLU-transfer-97,97,2,9.15
1502,transfer,DQN-ReLU-transfer-97,97,0,8.88
1503,transfer,DQN-ReLU-transfer-97,97,3,9.91
1504,transfer,DQN-ReLU-transfer-97,97,4,9.879999999999999
1505,transfer,DQN-ReLU-transfer-80,80,2,5.86
1506,transfer,DQN-ReLU-transfer-80,80,1,8.35
1507,transfer,DQN-ReLU-transfer-80,80,3,8.52
1508,transfer,DQN-ReLU-transfer-80,80,4,7.0600000000000005
1509,transfer,DQN-ReLU-transfer-80,80,0,9.29
1510,transfer,DQN-ReLU-transfer-39,39,3,9.99
1511,transfer,DQN-ReLU-transfer-39,39,2,9.96
1512,transfer,DQN-ReLU-transfer-39,39,1,9.870000000000001
1513,transfer,DQN-ReLU-transfer-39,39,4,9.96
1514,transfer,DQN-ReLU-transfer-39,39,0,9.98
1515,transfer,DQN-ReLU-vf5-transfer-30,30,3,9.870000000000001
1516,transfer,DQN-ReLU-vf5-transfer-30,30,2,9.61
1517,transfer,DQN-ReLU-vf5-transfer-30,30,1,9.219999999999999
1518,transfer,DQN-ReLU-vf5-transfer-30,30,4,9.01
1519,transfer,DQN-ReLU-vf5-transfer-30,30,0,9.280000000000001
1520,transfer,DQN-ReLU-transfer-23,23,3,10.0
1521,transfer,DQN-ReLU-transfer-23,23,4,9.969999999999999
1522,transfer,DQN-ReLU-transfer-23,23,2,9.96
1523,transfer,DQN-ReLU-transfer-23,23,0,10.0
1524,transfer,DQN-ReLU-transfer-23,23,1,10.0
1525,transfer,DQN-ReLU-transfer-162,162,3,8.629999999999999
1526,transfer,DQN-ReLU-transfer-162,162,4,7.97
1527,transfer,DQN-ReLU-transfer-162,162,1,6.390000000000001
1528,transfer,DQN-ReLU-transfer-162,162,2,4.779999999999999
1529,transfer,DQN-ReLU-transfer-162,162,0,8.24
1530,transfer,DQN-ReLU-vf5-transfer-146,146,4,9.620000000000001
1531,transfer,DQN-ReLU-vf5-transfer-146,146,2,9.11
1532,transfer,DQN-ReLU-vf5-transfer-146,146,1,9.379999999999999
1533,transfer,DQN-ReLU-vf5-transfer-146,146,0,9.99
1534,transfer,DQN-ReLU-vf5-transfer-146,146,3,9.96
1535,transfer,DQN-ReLU-transfer-114,114,2,2.5199999999999996
1536,transfer,DQN-ReLU-transfer-114,114,1,8.18
1537,transfer,DQN-ReLU-transfer-114,114,4,4.7
1538,transfer,DQN-ReLU-transfer-114,114,3,8.32
1539,transfer,DQN-ReLU-transfer-114,114,0,9.16
1540,transfer,DQN-ReLU-transfer-55,55,3,1.6800000000000002
1541,transfer,DQN-ReLU-transfer-55,55,2,8.96
1542,transfer,DQN-ReLU-transfer-55,55,4,9.92
1543,transfer,DQN-ReLU-transfer-55,55,0,9.95
1544,transfer,DQN-ReLU-transfer-55,55,1,7.25
1545,transfer,DQN-ReLU-vf5-transfer-147,147,3,10.0
1546,transfer,DQN-ReLU-vf5-transfer-147,147,4,9.96
1547,transfer,DQN-ReLU-vf5-transfer-147,147,0,9.629999999999999
1548,transfer,DQN-ReLU-vf5-transfer-147,147,1,10.0
1549,transfer,DQN-ReLU-vf5-transfer-147,147,2,9.08
1550,transfer,DQN-ReLU-vf5-transfer-151,151,4,9.96
1551,transfer,DQN-ReLU-vf5-transfer-151,151,0,9.96
1552,transfer,DQN-ReLU-vf5-transfer-151,151,2,9.14
1553,transfer,DQN-ReLU-vf5-transfer-151,151,1,9.780000000000001
1554,transfer,DQN-ReLU-vf5-transfer-151,151,3,10.0
1555,transfer,DQN-ReLU-vf5-transfer-27,27,4,9.41
1556,transfer,DQN-ReLU-vf5-transfer-27,27,1,9.96
1557,transfer,DQN-ReLU-vf5-transfer-27,27,0,9.17
1558,transfer,DQN-ReLU-vf5-transfer-27,27,2,9.46
1559,transfer,DQN-ReLU-vf5-transfer-27,27,3,9.89
1560,transfer,DQN-ReLU-vf5-transfer-127,127,4,9.94
1561,transfer,DQN-ReLU-vf5-transfer-127,127,0,10.0
1562,transfer,DQN-ReLU-vf5-transfer-127,127,2,9.65
1563,transfer,DQN-ReLU-vf5-transfer-127,127,3,9.95
1564,transfer,DQN-ReLU-vf5-transfer-127,127,1,10.0
1565,transfer,DQN-ReLU-transfer-35,35,3,9.959999999999999
1566,transfer,DQN-ReLU-transfer-35,35,0,9.93
1567,transfer,DQN-ReLU-transfer-35,35,2,9.94
1568,transfer,DQN-ReLU-transfer-35,35,4,9.95
1569,transfer,DQN-ReLU-transfer-35,35,1,9.98
1570,transfer,DQN-ReLU-transfer-103,103,4,1.65
1571,transfer,DQN-ReLU-transfer-103,103,0,8.67
1572,transfer,DQN-ReLU-transfer-103,103,2,5.380000000000001
1573,transfer,DQN-ReLU-transfer-103,103,1,8.34
1574,transfer,DQN-ReLU-transfer-103,103,3,7.9399999999999995
1575,transfer,DQN-ReLU-transfer-102,102,4,9.85
1576,transfer,DQN-ReLU-transfer-102,102,3,9.41
1577,transfer,DQN-ReLU-transfer-102,102,2,8.73
1578,transfer,DQN-ReLU-transfer-102,102,0,8.96
1579,transfer,DQN-ReLU-transfer-102,102,1,9.09
1580,transfer,DQN-ReLU-transfer-38,38,4,9.98
1581,transfer,DQN-ReLU-transfer-38,38,3,9.99
1582,transfer,DQN-ReLU-transfer-38,38,2,9.99
1583,transfer,DQN-ReLU-transfer-38,38,1,9.93
1584,transfer,DQN-ReLU-transfer-38,38,0,9.83
1585,transfer,DQN-ReLU-vf5-transfer-50,50,4,9.68
1586,transfer,DQN-ReLU-vf5-transfer-50,50,0,10.0
1587,transfer,DQN-ReLU-vf5-transfer-50,50,3,10.0
1588,transfer,DQN-ReLU-vf5-transfer-50,50,2,10.0
1589,transfer,DQN-ReLU-vf5-transfer-50,50,1,10.0
1590,transfer,DQN-ReLU-transfer-119,119,4,7.02
1591,transfer,DQN-ReLU-transfer-119,119,1,8.86
1592,transfer,DQN-ReLU-transfer-119,119,2,2.65
1593,transfer,DQN-ReLU-transfer-119,119,0,9.120000000000001
1594,transfer,DQN-ReLU-transfer-119,119,3,7.720000000000001
1595,transfer,DQN-ReLU-vf5-transfer-106,106,4,9.73
1596,transfer,DQN-ReLU-vf5-transfer-106,106,3,9.030000000000001
1597,transfer,DQN-ReLU-vf5-transfer-106,106,2,9.75
1598,transfer,DQN-ReLU-vf5-transfer-106,106,0,8.77
1599,transfer,DQN-ReLU-vf5-transfer-106,106,1,8.969999999999999
1600,transfer,DQN-ReLU-transfer-163,163,1,8.29
1601,transfer,DQN-ReLU-transfer-163,163,3,9.18
1602,transfer,DQN-ReLU-transfer-163,163,4,7.42
1603,transfer,DQN-ReLU-transfer-163,163,0,9.370000000000001
1604,transfer,DQN-ReLU-transfer-163,163,2,5.88
1605,transfer,DQN-ReLU-transfer-58,58,2,1.02
1606,transfer,DQN-ReLU-transfer-58,58,0,9.46
1607,transfer,DQN-ReLU-transfer-58,58,4,9.15
1608,transfer,DQN-ReLU-transfer-58,58,3,8.18
1609,transfer,DQN-ReLU-transfer-58,58,1,8.469999999999999
1610,transfer,DQN-ReLU-vf5-transfer-150,150,3,9.98
1611,transfer,DQN-ReLU-vf5-transfer-150,150,1,9.04
1612,transfer,DQN-ReLU-vf5-transfer-150,150,2,9.280000000000001
1613,transfer,DQN-ReLU-vf5-transfer-150,150,0,10.0
1614,transfer,DQN-ReLU-vf5-transfer-150,150,4,9.14
1615,transfer,DQN-ReLU-vf5-transfer-92,92,0,9.21
1616,transfer,DQN-ReLU-vf5-transfer-92,92,1,9.1
1617,transfer,DQN-ReLU-vf5-transfer-92,92,4,9.05
1618,transfer,DQN-ReLU-vf5-transfer-92,92,3,9.36
1619,transfer,DQN-ReLU-vf5-transfer-92,92,2,9.06
1620,transfer,DQN-ReLU-transfer-54,54,1,9.719999999999999
1621,transfer,DQN-ReLU-transfer-54,54,0,9.92
1622,transfer,DQN-ReLU-transfer-54,54,3,9.74
1623,transfer,DQN-ReLU-transfer-54,54,4,9.969999999999999
1624,transfer,DQN-ReLU-transfer-54,54,2,10.0
1625,transfer,DQN-ReLU-transfer-134,134,1,7.04
1626,transfer,DQN-ReLU-transfer-134,134,4,5.47
1627,transfer,DQN-ReLU-transfer-134,134,0,8.64
1628,transfer,DQN-ReLU-transfer-134,134,2,7.49
1629,transfer,DQN-ReLU-transfer-134,134,3,9.1
1630,transfer,DQN-ReLU-transfer-142,142,3,9.44
1631,transfer,DQN-ReLU-transfer-142,142,1,9.86
1632,transfer,DQN-ReLU-transfer-142,142,2,9.879999999999999
1633,transfer,DQN-ReLU-transfer-142,142,0,8.91
1634,transfer,DQN-ReLU-transfer-142,142,4,9.14
1635,transfer,DQN-ReLU-vf5-transfer-130,130,4,9.93
1636,transfer,DQN-ReLU-vf5-transfer-130,130,2,9.33
1637,transfer,DQN-ReLU-vf5-transfer-130,130,0,10.0
1638,transfer,DQN-ReLU-vf5-transfer-130,130,1,9.83
1639,transfer,DQN-ReLU-vf5-transfer-130,130,3,9.71
1640,transfer,DQN-ReLU-vf5-transfer-31,31,0,9.96
1641,transfer,DQN-ReLU-vf5-transfer-31,31,1,10.0
1642,transfer,DQN-ReLU-vf5-transfer-31,31,2,9.57
1643,transfer,DQN-ReLU-vf5-transfer-31,31,4,9.96
1644,transfer,DQN-ReLU-vf5-transfer-31,31,3,9.870000000000001
1645,transfer,DQN-ReLU-vf5-transfer-47,47,4,9.95
1646,transfer,DQN-ReLU-vf5-transfer-47,47,2,9.99
1647,transfer,DQN-ReLU-vf5-transfer-47,47,0,9.98
1648,transfer,DQN-ReLU-vf5-transfer-47,47,1,10.0
1649,transfer,DQN-ReLU-vf5-transfer-47,47,3,10.0
1650,transfer,DQN-ReLU-transfer-155,155,0,5.739999999999999
1651,transfer,DQN-ReLU-transfer-155,155,1,5.67
1652,transfer,DQN-ReLU-transfer-155,155,3,9.05
1653,transfer,DQN-ReLU-transfer-155,155,4,1.1700000000000002
1654,transfer,DQN-ReLU-transfer-155,155,2,5.65
1655,transfer,DQN-ReLU-vf5-transfer-11,11,0,9.94
1656,transfer,DQN-ReLU-vf5-transfer-11,11,3,10.0
1657,transfer,DQN-ReLU-vf5-transfer-11,11,2,9.48
1658,transfer,DQN-ReLU-vf5-transfer-11,11,4,9.870000000000001
1659,transfer,DQN-ReLU-vf5-transfer-11,11,1,9.030000000000001
1660,transfer,DQN-ReLU-transfer-18,18,4,9.99
1661,transfer,DQN-ReLU-transfer-18,18,3,10.0
1662,transfer,DQN-ReLU-transfer-18,18,1,9.93
1663,transfer,DQN-ReLU-transfer-18,18,0,9.969999999999999
1664,transfer,DQN-ReLU-transfer-18,18,2,9.97
1665,transfer,DQN-ReLU-vf5-transfer-85,85,4,9.32
1666,transfer,DQN-ReLU-vf5-transfer-85,85,2,10.0
1667,transfer,DQN-ReLU-vf5-transfer-85,85,0,9.4
1668,transfer,DQN-ReLU-vf5-transfer-85,85,1,9.379999999999999
1669,transfer,DQN-ReLU-vf5-transfer-85,85,3,9.59
1670,transfer,DQN-ReLU-vf5-transfer-167,167,0,9.219999999999999
1671,transfer,DQN-ReLU-vf5-transfer-167,167,4,9.879999999999999
1672,transfer,DQN-ReLU-vf5-transfer-167,167,2,9.16
1673,transfer,DQN-ReLU-vf5-transfer-167,167,1,9.98
1674,transfer,DQN-ReLU-vf5-transfer-167,167,3,9.67
1675,transfer,DQN-ReLU-vf5-transfer-89,89,4,9.67
1676,transfer,DQN-ReLU-vf5-transfer-89,89,2,10.0
1677,transfer,DQN-ReLU-vf5-transfer-89,89,1,10.0
1678,transfer,DQN-ReLU-vf5-transfer-89,89,3,10.0
1679,transfer,DQN-ReLU-vf5-transfer-89,89,0,10.0
1680,transfer,DQN-ReLU-vf5-transfer-1,1,4,10.0
1681,transfer,DQN-ReLU-vf5-transfer-1,1,1,9.99
1682,transfer,DQN-ReLU-vf5-transfer-1,1,0,9.99
1683,transfer,DQN-ReLU-vf5-transfer-1,1,3,9.95
1684,transfer,DQN-ReLU-vf5-transfer-1,1,2,9.99
1685,transfer,DQN-ReLU-transfer-79,79,3,9.74
1686,transfer,DQN-ReLU-transfer-79,79,1,9.52
1687,transfer,DQN-ReLU-transfer-79,79,4,8.3
1688,transfer,DQN-ReLU-transfer-79,79,0,9.96
1689,transfer,DQN-ReLU-transfer-79,79,2,9.43
1690,transfer,DQN-ReLU-transfer-62,62,2,1.5
1691,transfer,DQN-ReLU-transfer-62,62,1,7.32
1692,transfer,DQN-ReLU-transfer-62,62,3,8.17
1693,transfer,DQN-ReLU-transfer-62,62,4,6.58
1694,transfer,DQN-ReLU-transfer-62,62,0,8.879999999999999
1695,transfer,DQN-ReLU-transfer-123,123,1,6.67
1696,transfer,DQN-ReLU-transfer-123,123,4,5.37
1697,transfer,DQN-ReLU-transfer-123,123,0,7.640000000000001
1698,transfer,DQN-ReLU-transfer-123,123,3,7.95
1699,transfer,DQN-ReLU-transfer-123,123,2,7.2
1700,transfer,DQN-ReLU-transfer-81,81,4,7.6000000000000005
1701,transfer,DQN-ReLU-transfer-81,81,1,9.5
1702,transfer,DQN-ReLU-transfer-81,81,0,9.61
1703,transfer,DQN-ReLU-transfer-81,81,3,9.31
1704,transfer,DQN-ReLU-transfer-81,81,2,6.930000000000001
1705,transfer,DQN-ReLU-transfer-15,15,3,10.0
1706,transfer,DQN-ReLU-transfer-15,15,4,9.94
1707,transfer,DQN-ReLU-transfer-15,15,1,10.0
1708,transfer,DQN-ReLU-transfer-15,15,0,10.0
1709,transfer,DQN-ReLU-transfer-15,15,2,10.0
1710,transfer,DQN-ReLU-transfer-3,3,0,10.0
1711,transfer,DQN-ReLU-transfer-3,3,4,10.0
1712,transfer,DQN-ReLU-transfer-3,3,2,10.0
1713,transfer,DQN-ReLU-transfer-3,3,3,10.0
1714,transfer,DQN-ReLU-transfer-3,3,1,9.98
1715,transfer,DQN-ReLU-vf5-transfer-66,66,4,10.0
1716,transfer,DQN-ReLU-vf5-transfer-66,66,3,9.99
1717,transfer,DQN-ReLU-vf5-transfer-66,66,0,8.85
1718,transfer,DQN-ReLU-vf5-transfer-66,66,2,9.51
1719,transfer,DQN-ReLU-vf5-transfer-66,66,1,9.99
1720,transfer,DQN-ReLU-vf5-transfer-93,93,0,10.0
1721,transfer,DQN-ReLU-vf5-transfer-93,93,1,9.100000000000001
1722,transfer,DQN-ReLU-vf5-transfer-93,93,4,9.29
1723,transfer,DQN-ReLU-vf5-transfer-93,93,2,9.19
1724,transfer,DQN-ReLU-vf5-transfer-93,93,3,7.84
1725,transfer,DQN-ReLU-transfer-139,139,1,9.82
1726,transfer,DQN-ReLU-transfer-139,139,0,9.530000000000001
1727,transfer,DQN-ReLU-transfer-139,139,2,9.969999999999999
1728,transfer,DQN-ReLU-transfer-139,139,4,8.37
1729,transfer,DQN-ReLU-transfer-139,139,3,9.5
